SCORE,DATE,D0,D1,D2,D3,D4,NA_COUNT,W0,W1,W2,W3,W4
1.1,year_0,0,0,0,0,0,0,98.9,0,0,0,0
92.2,year_1,7.8,0,0,0,0,0,0,0,0,0,0
6.3,year_2,93.7,42,0,0,0,0,0,0,0,0,0
3.2,year_3,96.8,71.3,0,0,0,0,0,0,0,0,0
44.8,year_4,55.2,0,0,0,0,0,0,0,0,0,0
26.4,year_5,73.7,21.1,0,0,0,0,0,0,0,0,0
4.4,year_6,0,0,0,0,0,0,95.6,34.7,13.6,0,0
67.2,year_7,32.8,0,0,0,0,0,0,0,0,0,0
11.7,year_8,88.2,15.8,2.3,0,0,0,0,0,0,0,0
95.4,year_9,2.2,0,0,0,0,0,2.4,0,0,0,0
68.8,year_10,0,0,0,0,0,0,31.2,9.8,0,0,0
65.3,year_11,0,0,0,0,0,0,34.7,20,6.7,0.1,0
0,year_12,100,49.4,0,0,0,0,0,0,0,0,0
10,year_13,90,60,0,0,0,0,0,0,0,0,0
0,year_14,100,77.6,3.2,0,0,0,0,0,0,0,0
2.1,year_15,97.8,92.6,83.5,61,9.9,0,0,0,0,0,0
12.3,year_16,87.7,60,6.4,0,0,0,0,0,0,0,0
13.4,year_17,86.6,55.4,0,0,0,0,0,0,0,0,0
55.9,year_18,44.1,0,0,0,0,0,0,0,0,0,0
94.6,year_19,2.2,0,0,0,0,0,3.2,0,0,0,0
44.9,year_20,31.9,0,0,0,0,0,23.2,5.8,0,0,0
78.8,year_21,0,0,0,0,0,0,21.2,1.1,0,0,0
33.1,year_22,66.8,23.1,0,0,0,0,0,0,0,0,0
41.7,year_23,0,0,0,0,0,0,58.3,22.6,5.9,0,0
23.5,year_24,67.9,48.7,8.6,0,0,0,8.6,0,0,0,0
42.4,year_25,55.3,10.7,0,0,0,0,2.2,0,0,0,0
28,year_26,31.7,6.5,0,0,0,0,40.3,30.1,23.5,17.9,15.7
36,year_27,41.8,7.6,0,0,0,0,22.1,14.4,2.2,0,0
94.6,year_28,0,0,0,0,0,0,5.4,0,0,0,0
39,year_29,58.9,8.8,0,0,0,0,2.1,0,0,0,0
87.9,year_30,7.9,0,0,0,0,0,4.2,0,0,0,0
7.9,year_31,0,0,0,0,0,0,92,30.4,1.2,0,0
0,year_32,0,0,0,0,0,0,100,100,100,97.9,85
0,year_33,0,0,0,0,0,0,99.9,89.8,53.9,14.1,0
0,year_34,0,0,0,0,0,0,99.9,96.6,92.2,88.9,72.4
0,year_35,0,0,0,0,0,0,100,100,87.9,23.3,0
0,year_36,0,0,0,0,0,0,100,41.3,2.2,0,0
1.1,year_37,98.9,36.3,9.2,0,0,0,0,0,0,0,0
68.7,year_38,15.6,0,0,0,0,0,15.7,0,0,0,0
80,year_39,2.2,0,0,0,0,0,17.9,3.4,0,0,0
85.3,year_40,14.8,0.2,0,0,0,0,0,0,0,0,0
17.8,year_41,0,0,0,0,0,0,82.2,0,0,0,0
53.6,year_42,43.1,0,0,0,0,0,3.3,0,0,0,0
5.4,year_43,94.6,23.6,2.4,0,0,0,0,0,0,0,0
0,year_44,100,76.3,7.1,0,0,0,0,0,0,0,0
93,year_45,0,0,0,0,0,0,7,0,0,0,0
87.7,year_46,4.4,0,0,0,0,0,7.9,0,0,0,0
91.3,year_47,8.7,0,0,0,0,0,0,0,0,0,0
2.1,year_48,97.8,84.7,19.9,0,0,0,0,0,0,0,0
2.1,year_49,97.8,74.7,5.7,0,0,0,0,0,0,0,0
0,year_50,0,0,0,0,0,0,100,91.3,18.7,0,0
86.4,year_51,0,0,0,0,0,0,13.6,0,0,0,0
32.4,year_52,67.6,5.9,0,0,0,0,0,0,0,0,0
0,year_53,99.9,99.9,99.9,97.8,77.9,0,0,0,0,0,0
32.6,year_54,67.3,7.7,0,0,0,0,0,0,0,0,0
26.1,year_55,73.9,0,0,0,0,0,0,0,0,0,0
0,year_56,100.1,99,72.7,0,0,0,0,0,0,0,0
15.6,year_57,84.4,65.6,38.5,0,0,0,0,0,0,0,0
90.8,year_58,0,0,0,0,0,0,9.2,0,0,0,0
65.8,year_59,0,0,0,0,0,0,34.2,0,0,0,0
29.3,year_60,0,0,0,0,0,0,70.7,0,0,0,0
0,year_61,0,0,0,0,0,0,100,94.6,50.6,0,0
4.4,year_62,0,0,0,0,0,0,95.5,87.7,67.7,32.9,3.3
0,year_63,0,0,0,0,0,0,100,100,87.8,63.3,15.7
72.5,year_64,22,0,0,0,0,0,5.5,2.2,0.1,0,0
0,year_65,99.9,99.9,99.9,42.6,11.3,0,0,0,0,0,0
92.2,year_66,7.8,1.1,0,0,0,0,0,0,0,0,0
0,year_67,0,0,0,0,0,0,100,100,95.7,70.5,13.5
0,year_68,0,0,0,0,0,0,100.1,94.6,64.5,23.6,6.8
0,year_69,100,100,82.7,10.7,0,0,0,0,0,0,0
30,year_70,69.9,22,0,0,0,0,0,0,0,0,0
67,year_71,33,0,0,0,0,0,0,0,0,0,0
94.5,year_72,0,0,0,0,0,0,5.5,0.1,0,0,0
63,year_73,37.1,9.3,0,0,0,0,0,0,0,0,0
88.8,year_74,11.2,0.1,0,0,0,0,0,0,0,0,0
57.8,year_75,39.7,0,0,0,0,0,2.4,0,0,0,0
60.8,year_76,0,0,0,0,0,0,39.2,1.1,0,0,0
54.8,year_77,0,0,0,0,0,0,45.2,0,0,0,0
0,year_78,0,0,0,0,0,0,100.1,100.1,95.8,91.4,77
0,year_79,0,0,0,0,0,0,100.1,99,93.5,80.2,64.6
96.7,year_80,3.3,0,0,0,0,0,0,0,0,0,0
26.2,year_81,0,0,0,0,0,0,73.8,0,0,0,0
0,year_82,0,0,0,0,0,0,100,52.1,0,0,0
5.3,year_83,0,0,0,0,0,0,94.7,82.3,57.6,30.7,3.3
29.8,year_84,1.4,0,0,0,0,0,68.8,34,0,0,0
87.4,year_85,12.6,0,0,0,0,0,0,0,0,0,0
87.5,year_86,12.5,0,0,0,0,0,0,0,0,0,0
40.8,year_87,0,0,0,0,0,0,59.2,0,0,0,0
11.2,year_88,0,0,0,0,0,0,88.8,49.5,0,0,0
5.6,year_89,0,0,0,0,0,0,94.4,64.2,6.5,0,0
12.1,year_90,0,0,0,0,0,0,87.9,63.2,26.4,0,0
84.3,year_91,14.7,0.1,0,0,0,0,1,0,0,0,0
100,year_92,0,0,0,0,0,0,0,0,0,0,0
14,year_93,86,2.3,0,0,0,0,0,0,0,0,0
72.2,year_94,0,0,0,0,0,0,27.7,2.1,0,0,0
93.9,year_95,6.1,0,0,0,0,0,0,0,0,0,0
5.5,year_96,0,0,0,0,0,0,94.5,78.1,25.2,0,0
0,year_97,0,0,0,0,0,0,100,93.2,60.8,1.1,0
0,year_98,0,0,0,0,0,0,100,86.6,35,0,0
0,year_99,0,0,0,0,0,0,100,96.7,69,29.8,4.5
0,year_100,100,78.4,12,0.1,0,0,0,0,0,0,0
71.2,year_101,28.8,0,0,0,0,0,0,0,0,0,0
0,year_102,100,100,93.4,18.4,0,0,0,0,0,0,0
0,year_103,100,38.3,0,0,0,0,0,0,0,0,0
25.6,year_104,74.4,0,0,0,0,0,0,0,0,0,0
0,year_105,100,92.5,62.3,0,0,0,0,0,0,0,0
0,year_106,100,15.8,0,0,0,0,0,0,0,0,0
17.8,year_107,82.2,39.6,0,0,0,0,0,0,0,0,0
16.6,year_108,83.4,0,0,0,0,0,0,0,0,0,0
0,year_109,100,100,100,96.8,75.8,0,0,0,0,0,0
53.4,year_110,41.8,2.2,0,0,0,0,4.8,0,0,0,0
43.8,year_111,48.5,3.2,0,0,0,0,7.8,2.2,0,0,0
0,year_112,100,69.9,3.6,0,0,0,0,0,0,0,0
90,year_113,10,0,0,0,0,0,0,0,0,0,0
95.4,year_114,4.6,0,0,0,0,0,0,0,0,0,0
64.9,year_115,0,0,0,0,0,0,35.1,0,0,0,0
10.9,year_116,89.1,65.8,4.5,0,0,0,0,0,0,0,0
44,year_117,56,23.5,9.1,0,0,0,0,0,0,0,0
100,year_118,0,0,0,0,0,0,0,0,0,0,0
60.3,year_119,5.8,0,0,0,0,0,33.9,0,0,0,0
94.1,year_120,5.8,0,0,0,0,0,0.1,0,0,0,0
0,year_121,0,0,0,0,0,0,100,100,100,84.8,43.2
0,year_122,0,0,0,0,0,0,100.1,97.7,55.3,12.5,0
0,year_123,100,93.4,34.1,8.5,0,0,0,0,0,0,0
91,year_124,9,0,0,0,0,0,0,0,0,0,0
100,year_125,0,0,0,0,0,0,0,0,0,0,0
0,year_126,99.9,80.3,5.8,0,0,0,0,0,0,0,0
17,year_127,83,13.7,0,0,0,0,0,0,0,0,0
91,year_128,0,0,0,0,0,0,9,0,0,0,0
0,year_129,99.9,99.9,89.1,35.8,0,0,0,0,0,0,0
87.8,year_130,12.2,0,0,0,0,0,0,0,0,0,0
11.1,year_131,85.6,76.8,59,25,0,0,3.3,0,0,0,0
14.8,year_132,85.1,1.1,0,0,0,0,0,0,0,0,0
0,year_133,100.1,92.6,6.7,0,0,0,0,0,0,0,0
7.7,year_134,92.3,73.5,3.2,0,0,0,0,0,0,0,0
0,year_135,100,98.9,88.9,4.7,0,0,0,0,0,0,0
69,year_136,31,18.9,0,0,0,0,0,0,0,0,0
0,year_137,99.9,96.7,40,0,0,0,0,0,0,0,0
99.7,year_138,0,0,0,0,0,0,0.3,0,0,0,0
85.7,year_139,3.3,0,0,0,0,0,11.1,3.3,0,0,0
0,year_140,100,40.7,3.6,0,0,0,0,0,0,0,0
58.8,year_141,41.2,0,0,0,0,0,0,0,0,0,0
15.5,year_142,82.3,28.2,0,0,0,0,2.2,0,0,0,0
0,year_143,99.9,99.9,98.8,50.2,0,0,0,0,0,0,0
8.9,year_144,91.1,81.1,47.3,3.2,0,0,0,0,0,0,0
4.3,year_145,95.7,91.4,86.7,72.2,38.3,0,0,0,0,0,0
4.3,year_146,95.7,86.6,48.3,0,0,0,0,0,0,0,0
0,year_147,100,96.8,91.3,77.9,3.2,0,0,0,0,0,0
0,year_148,100,86.4,2.1,0,0,0,0,0,0,0,0
2.1,year_149,97.9,83.3,3.2,0,0,0,0,0,0,0,0
0,year_150,100.1,100.1,92.4,81.1,8.8,0,0,0,0,0,0
0,year_151,100,93.1,5.7,0,0,0,0,0,0,0,0
0,year_152,100,52.7,0,0,0,0,0,0,0,0,0
76.7,year_153,0,0,0,0,0,0,23.3,0,0,0,0
36.5,year_154,63.5,4.6,0,0,0,0,0,0,0,0,0
34.3,year_155,0,0,0,0,0,0,65.7,1.1,0,0,0
56.8,year_156,28.8,13.5,0,0,0,0,14.3,0,0,0,0
4.4,year_157,95.6,24.5,0,0,0,0,0,0,0,0,0
0,year_158,100,36.6,0,0,0,0,0,0,0,0,0
5.4,year_159,94.6,71.5,1.3,0,0,0,0,0,0,0,0
1.1,year_160,98.9,90,3.5,0,0,0,0,0,0,0,0
0,year_161,99.9,99.9,66.4,5.7,0,0,0,0,0,0,0
0,year_162,100,100,91,79.9,22,0,0,0,0,0,0
12,year_163,88,7.7,0,0,0,0,0,0,0,0,0
63.3,year_164,36.7,10.2,0,0,0,0,0,0,0,0,0
0,year_165,100,100,84.7,35.8,17.7,0,0,0,0,0,0
54.6,year_166,45.2,2.2,0,0,0,0,0.2,0,0,0,0
80.4,year_167,0,0,0,0,0,0,19.6,0,0,0,0
97.7,year_168,2.3,0.1,0,0,0,0,0,0,0,0,0
35.9,year_169,35.3,6.8,0,0,0,0,28.9,18.9,8.9,0,0
0,year_170,0,0,0,0,0,0,99.9,99.9,86.9,29.3,14.7
43.7,year_171,0,0,0,0,0,0,56.3,0,0,0,0
50.4,year_172,0,0,0,0,0,0,49.6,0,0,0,0
0,year_173,100.1,88,16.3,0,0,0,0,0,0,0,0
7.5,year_174,92.6,62.4,1.3,0,0,0,0,0,0,0,0
3.3,year_175,96.7,9.4,0,0,0,0,0,0,0,0,0
0,year_176,100,54.4,0,0,0,0,0,0,0,0,0
98.9,year_177,1.1,0,0,0,0,0,0,0,0,0,0
22.2,year_178,63.4,40.8,3.2,0,0,0,14.4,7.8,0.1,0,0
2.2,year_179,97.8,55.8,0,0,0,0,0,0,0,0,0
50.6,year_180,49.4,0,0,0,0,0,0,0,0,0,0
0,year_181,100,100,100,35.1,0,0,0,0,0,0,0
100,year_182,0,0,0,0,0,0,0,0,0,0,0
71.6,year_183,0,0,0,0,0,0,28.4,0,0,0,0
74.5,year_184,0,0,0,0,0,0,25.5,0,0,0,0
0,year_185,0,0,0,0,0,0,100,46.5,0,0,0
45.6,year_186,0,0,0,0,0,0,54.4,0,0,0,0
97.4,year_187,0.1,0,0,0,0,0,2.5,0,0,0,0
23,year_188,0,0,0,0,0,0,77.1,30.1,12.6,1.1,0
99.9,year_189,0,0,0,0,0,0,0.1,0,0,0,0
8.5,year_190,91.5,56.8,1.1,0,0,0,0,0,0,0,0
15.3,year_191,0.1,0,0,0,0,0,84.6,59,0,0,0
6.5,year_192,0,0,0,0,0,0,93.5,30.1,1.1,0,0
0,year_193,0,0,0,0,0,0,100.1,46.7,4.5,0.1,0
54.7,year_194,13.5,0,0,0,0,0,31.8,0,0,0,0
78.8,year_195,21.2,3.7,0,0,0,0,0,0,0,0,0
30.9,year_196,6.7,0,0,0,0,0,62.3,27.4,0,0,0
77,year_197,0,0,0,0,0,0,23,3.6,0,0,0
2.2,year_198,0,0,0,0,0,0,97.8,3.3,0,0,0
73.4,year_199,0,0,0,0,0,0,26.6,10.2,0.1,0,0
80.9,year_200,0,0,0,0,0,0,19.1,0,0,0,0
0,year_201,99.9,99.9,84.4,26,1.2,0,0,0,0,0,0
16.7,year_202,83.4,50.9,11.2,0,0,0,0,0,0,0,0
26.1,year_203,0,0,0,0,0,0,73.9,27.2,6,0,0
82.2,year_204,0,0,0,0,0,0,17.8,0.1,0,0,0
98.8,year_205,1.2,0,0,0,0,0,0,0,0,0,0
38.7,year_206,0,0,0,0,0,0,61.4,4.6,0,0,0
0,year_207,100,96.7,36.1,0,0,0,0,0,0,0,0
0,year_208,100,72.4,5.8,0,0,0,0,0,0,0,0
0.1,year_209,99.9,12.1,0,0,0,0,0,0,0,0,0
10.5,year_210,89.4,3.3,0,0,0,0,0,0,0,0,0
63.1,year_211,37,8.1,0.1,0,0,0,0,0,0,0,0
0,year_212,0,0,0,0,0,0,100,34.8,2.3,0,0
100,year_213,0,0,0,0,0,0,0,0,0,0,0
66.8,year_214,27.7,0,0,0,0,0,5.5,1.1,0,0,0
0,year_215,100,97.8,36,8,0,0,0,0,0,0,0
70.1,year_216,29.8,5.6,1.1,0,0,0,0,0,0,0,0
71.1,year_217,0,0,0,0,0,0,29,9.2,0,0,0
65.6,year_218,5.5,0,0,0,0,0,28.9,15.7,1.2,0,0
70.9,year_219,29.1,0,0,0,0,0,0,0,0,0,0
100,year_220,0,0,0,0,0,0,0,0,0,0,0
61,year_221,0,0,0,0,0,0,39,0,0,0,0
89.8,year_222,1.1,0,0,0,0,0,9.1,0.1,0,0,0
3.3,year_223,96.7,82.6,11.6,0,0,0,0,0,0,0,0
1,year_224,98.9,36.9,17.8,0.1,0,0,0,0,0,0,0
41,year_225,59,28.8,7.9,0,0,0,0,0,0,0,0
0,year_226,100,100,100,85.8,10.2,0,0,0,0,0,0
26.3,year_227,4.6,0.1,0,0,0,0,69.1,35.3,0,0,0
1.1,year_228,0,0,0,0,0,0,98.9,70.3,8,0,0
45.3,year_229,37,0,0,0,0,0,17.7,5.5,0,0,0
100,year_230,0,0,0,0,0,0,0,0,0,0,0
0,year_231,100,75.3,15,0,0,0,0,0,0,0,0
3.3,year_232,0,0,0,0,0,0,96.7,23.3,0,0,0
21,year_233,64.6,38.6,0,0,0,0,14.4,7.8,2.2,0,0
1.1,year_234,98.9,82,1.1,0,0,0,0,0,0,0,0
0,year_235,100,100,87.6,18.3,0,0,0,0,0,0,0
11.1,year_236,88.9,81.2,70.1,45.5,2.3,0,0,0,0,0,0
51.4,year_237,34.1,0,0,0,0,0,14.5,6.7,2.2,0,0
0,year_238,100.1,100.1,47.1,3.6,0,0,0,0,0,0,0
68.9,year_239,31.1,12.4,0,0,0,0,0,0,0,0,0
26.3,year_240,0.2,0,0,0,0,0,73.5,43,0,0,0
0,year_241,0,0,0,0,0,0,100,34.9,0,0,0
96.6,year_242,0,0,0,0,0,0,3.4,0,0,0,0
0,year_243,99.9,95.6,84.8,35.8,0,0,0,0,0,0,0
1.1,year_244,98.9,92.5,14.8,0,0,0,0,0,0,0,0
0,year_245,100,95.5,0,0,0,0,0,0,0,0,0
100,year_246,0,0,0,0,0,0,0,0,0,0,0
8.7,year_247,0,0,0,0,0,0,91.3,11.2,0,0,0
0,year_248,99.9,99.9,71.2,9.4,0,0,0,0,0,0,0
100,year_249,0,0,0,0,0,0,0,0,0,0,0
94.4,year_250,5.7,0.1,0,0,0,0,0,0,0,0,0
37.2,year_251,41.8,3.3,0,0,0,0,21,6.8,0,0,0
1,year_252,0,0,0,0,0,0,99.1,74,27.1,9.3,0
100,year_253,0,0,0,0,0,0,0,0,0,0,0
0,year_254,0,0,0,0,0,0,100,90.2,0,0,0
54.6,year_255,4.6,0,0,0,0,0,40.9,0,0,0,0
0,year_256,0,0,0,0,0,0,100,97.8,35.8,0,0
76.3,year_257,0,0,0,0,0,0,23.7,1.1,0,0,0
21,year_258,79,53.5,0,0,0,0,0,0,0,0,0
59.3,year_259,23.9,0,0,0,0,0,16.7,0,0,0,0
60.4,year_260,0,0,0,0,0,0,39.7,8.1,0.1,0,0
0,year_261,100,90.1,10.7,0.1,0,0,0,0,0,0,0
79.6,year_262,20.4,2.4,0,0,0,0,0,0,0,0,0
36.9,year_263,22.2,13.4,1.3,0,0,0,40.9,2.2,0,0,0
32,year_264,0,0,0,0,0,0,68,1.1,0,0,0
100,year_265,0,0,0,0,0,0,0,0,0,0,0
96.5,year_266,3.5,0,0,0,0,0,0,0,0,0,0
45,year_267,2.4,0,0,0,0,0,52.7,0,0,0,0
0,year_268,0,0,0,0,0,0,100,100,100,100,94.6
0,year_269,0,0,0,0,0,0,100,98.9,95.5,92,80.1
0,year_270,0,0,0,0,0,0,100,100,51.4,14.8,2.2
0,year_271,0,0,0,0,0,0,100,99,53.1,8.2,0
95.3,year_272,4.7,0,0,0,0,0,0,0,0,0,0
4.2,year_273,0,0,0,0,0,0,95.9,73.6,47.8,29.5,3.3
0,year_274,100,100,62.9,5,0,0,0,0,0,0,0
0,year_275,100,75.9,4.6,0,0,0,0,0,0,0,0
0,year_276,0,0,0,0,0,0,100,97.8,46,3.8,0
0,year_277,0,0,0,0,0,0,99.9,99.9,80.3,20.1,0
74.7,year_278,0,0,0,0,0,0,25.3,4.5,0,0,0
93.2,year_279,6.8,0,0,0,0,0,0,0,0,0,0
1.1,year_280,0,0,0,0,0,0,98.9,94.4,69.4,19.2,0
0,year_281,0,0,0,0,0,0,100,30,7.1,0,0
93.9,year_282,0,0,0,0,0,0,6.2,2,0,0,0
0,year_283,0,0,0,0,0,0,100,35.2,1.1,0,0
99.9,year_284,0,0,0,0,0,0,0.1,0,0,0,0
93.2,year_285,1.1,0,0,0,0,0,5.6,0,0,0,0
63.3,year_286,0,0,0,0,0,0,36.7,16.6,0,0,0
19.8,year_287,2.3,0,0,0,0,0,77.9,42.1,0,0,0
0,year_288,0,0,0,0,0,0,100.1,98,36.3,0,0
50.5,year_289,0,0,0,0,0,0,49.5,3,0,0,0
80,year_290,0,0,0,0,0,0,20,0.1,0,0,0
0,year_291,100,100,100,99,67.2,0,0,0,0,0,0
93.4,year_292,6.6,0,0,0,0,0,0,0,0,0,0
2.3,year_293,97.7,38,3.7,0,0,0,0,0,0,0,0
0,year_294,100.1,92.6,56,0.1,0,0,0,0,0,0,0
1.1,year_295,0,0,0,0,0,0,98.8,85.8,19.7,0,0
0,year_296,0,0,0,0,0,0,100,77.5,34.9,13.7,2.5
14.4,year_297,85.6,61.5,11.5,0,0,0,0,0,0,0,0
9,year_298,0,0,0,0,0,0,91,28.8,0,0,0
0,year_299,0,0,0,0,0,0,100,26.8,0,0,0
72.9,year_300,24.5,0,0,0,0,0,2.6,0,0,0,0
5.6,year_301,0,0,0,0,0,0,94.4,8,0,0,0
28,year_302,36.5,22.1,2.2,0,0,0,35.7,24.5,13.7,1.4,0
48.8,year_303,51.2,0,0,0,0,0,0,0,0,0,0
7.9,year_304,0,0,0,0,0,0,92.1,57.9,36.6,22.1,10
0,year_305,0,0,0,0,0,0,100,83.4,35.5,0,0
16.8,year_306,2.1,0,0,0,0,0,81.1,63.6,36.8,4.4,0
16.6,year_307,0,0,0,0,0,0,83.4,72.2,56.6,13,2.2
39.1,year_308,60.9,2.2,0,0,0,0,0,0,0,0,0
3.5,year_309,0,0,0,0,0,0,96.5,53.3,1.1,0,0
3.3,year_310,0,0,0,0,0,0,96.8,92.3,81.3,59.4,14.6
0,year_311,0,0,0,0,0,0,100,100,92.3,82.4,53.7
15.5,year_312,2.2,0,0,0,0,0,82.3,66.4,16.6,0,0
12.8,year_313,87.2,58.3,0,0,0,0,0,0,0,0,0
11,year_314,0,0,0,0,0,0,89.1,42,2.3,0,0
74.4,year_315,25.6,10.2,0,0,0,0,0,0,0,0,0
95.6,year_316,1.4,0,0,0,0,0,3.1,0,0,0,0
19.9,year_317,0,0,0,0,0,0,80,54.5,12.8,0,0
57,year_318,16.8,2.3,0,0,0,0,26.3,3.1,0,0,0
12.2,year_319,0,0,0,0,0,0,87.7,71.2,37.7,1.1,0
60.3,year_320,38.6,25.5,12.2,0,0,0,1.1,0,0,0,0
0,year_321,99.9,94.5,41.5,12.7,0.1,0,0,0,0,0,0
71.4,year_322,28.6,4.5,0,0,0,0,0,0,0,0,0
94.3,year_323,0,0,0,0,0,0,5.7,0,0,0,0
22.7,year_324,77.3,21.4,0,0,0,0,0,0,0,0,0
44.4,year_325,0,0,0,0,0,0,55.6,0,0,0,0
0,year_326,100,65.6,4.5,0,0,0,0,0,0,0,0
2.2,year_327,97.8,46.5,0,0,0,0,0,0,0,0,0
79.9,year_328,20.1,0,0,0,0,0,0,0,0,0,0
68.8,year_329,31.2,15.8,2.3,0,0,0,0,0,0,0,0
13.3,year_330,0,0,0,0,0,0,86.7,46.3,2.4,0,0
10.8,year_331,0,0,0,0,0,0,89.3,50.4,25.8,8.3,2.3
13.9,year_332,0,0,0,0,0,0,86.1,9,0,0,0
33.7,year_333,40.9,18.8,0,0,0,0,25.5,15.6,2.2,0,0
54.3,year_334,0,0,0,0,0,0,45.7,0,0,0,0
84.9,year_335,0,0,0,0,0,0,15.1,0,0,0,0
54.4,year_336,5.6,0,0,0,0,0,40,0,0,0,0
100,year_337,0,0,0,0,0,0,0,0,0,0,0
24.5,year_338,0,0,0,0,0,0,75.5,25.6,0,0,0
66.4,year_339,0,0,0,0,0,0,33.6,0,0,0,0
8.8,year_340,91.2,67.1,22.4,0,0,0,0,0,0,0,0
31,year_341,30,17.7,2.2,0,0,0,39,22.5,3.6,0,0
63.5,year_342,34.3,15.6,0,0,0,0,2.1,0,0,0,0
26.5,year_343,0,0,0,0,0,0,73.5,13.1,0,0,0
5.4,year_344,94.7,54.7,16.7,0,0,0,0,0,0,0,0
67.4,year_345,12.3,0,0,0,0,0,20.3,0,0,0,0
63.2,year_346,0,0,0,0,0,0,36.8,9.1,0,0,0
99.8,year_347,0,0,0,0,0,0,0.2,0,0,0,0
94.1,year_348,5.9,0,0,0,0,0,0,0,0,0,0
96.6,year_349,2.2,0,0,0,0,0,1.1,0,0,0,0
28.9,year_350,0,0,0,0,0,0,71.1,31.5,5.9,0,0
52,year_351,0,0,0,0,0,0,48,2.2,0,0,0
80.2,year_352,0,0,0,0,0,0,19.8,0,0,0,0
98.8,year_353,1.2,0,0,0,0,0,0,0,0,0,0
31.4,year_354,0,0,0,0,0,0,68.6,0,0,0,0
9.7,year_355,0,0,0,0,0,0,90.3,32.4,20,3.6,0
35.3,year_356,0,0,0,0,0,0,64.6,2.2,0,0,0
70,year_357,0,0,0,0,0,0,30,14.6,1.3,0,0
75.4,year_358,24.5,0,0,0,0,0,0.1,0,0,0,0
0,year_359,100,83.2,13.6,0,0,0,0,0,0,0,0
85.5,year_360,0,0,0,0,0,0,14.5,0,0,0,0
15.5,year_361,84.5,61.2,29.5,0,0,0,0,0,0,0,0
23.3,year_362,76.6,23,0,0,0,0,0,0,0,0,0
22.3,year_363,77.7,4.6,0,0,0,0,0,0,0,0,0
6.6,year_364,93.4,30.7,1.2,0,0,0,0,0,0,0,0
37,year_365,36.4,0,0,0,0,0,26.7,16.8,2.2,0,0
13.3,year_366,84.5,51.5,2,0,0,0,2.2,0,0,0,0
64.5,year_367,33.2,13.5,0,0,0,0,2.3,0,0,0,0
91.5,year_368,8.5,0,0,0,0,0,0,0,0,0,0
2.2,year_369,97.8,91.4,46.3,0,0,0,0,0,0,0,0
0,year_370,100.1,99.1,94.9,79.7,14.8,0,0,0,0,0,0
38.8,year_371,7.8,1.1,0,0,0,0,53.4,5.6,0,0,0
19.3,year_372,0,0,0,0,0,0,80.7,36.1,8.2,1.2,0
53.1,year_373,40.5,0,0,0,0,0,6.4,0,0,0,0
49.5,year_374,0,0,0,0,0,0,50.5,19.8,0,0,0
94.3,year_375,5.7,0,0,0,0,0,0,0,0,0,0
23.3,year_376,0,0,0,0,0,0,76.7,0,0,0,0
86.6,year_377,9.3,0,0,0,0,0,4.1,0,0,0,0
85.4,year_378,12.6,1.5,0,0,0,0,2.1,0,0,0,0
27.6,year_379,0,0,0,0,0,0,72.5,51.1,2.3,0,0
95.6,year_380,4.4,0,0,0,0,0,0,0,0,0,0
48.8,year_381,0,0,0,0,0,0,51.2,24.4,0,0,0
23.6,year_382,55.5,42,20.8,0,0,0,20.9,5.7,0.1,0,0
78.6,year_383,21.4,12.5,0.2,0,0,0,0,0,0,0,0
32.1,year_384,0,0,0,0,0,0,67.9,46.5,12.5,0,0
1,year_385,99.1,93.7,85,60.5,0,0,0,0,0,0,0
0,year_386,99.9,86.9,54,20.5,0,0,0,0,0,0,0
48.8,year_387,18.7,0.1,0,0,0,0,32.5,0,0,0,0
99.9,year_388,0.1,0,0,0,0,0,0,0,0,0,0
70.1,year_389,5.2,0,0,0,0,0,24.7,14.7,1.2,0,0
98.9,year_390,0,0,0,0,0,0,1.1,0,0,0,0
85.1,year_391,14.9,0,0,0,0,0,0,0,0,0,0
47.4,year_392,52.6,15.4,0,0,0,0,0,0,0,0,0
33.1,year_393,18.8,3.3,0,0,0,0,48,21.6,11.4,2.4,0
2,year_394,0,0,0,0,0,0,98,75.4,22.6,3.3,0
43.2,year_395,0,0,0,0,0,0,56.8,22.5,0,0,0
93.2,year_396,3.3,0,0,0,0,0,3.5,0.1,0,0,0
70.5,year_397,29.5,8.2,0,0,0,0,0,0,0,0,0
35.7,year_398,61,0,0,0,0,0,3.3,0,0,0,0
11.5,year_399,88.5,29.6,2.4,0,0,0,0,0,0,0,0
0,year_400,100,92.6,29.5,9.3,0,0,0,0,0,0,0
81.5,year_401,8.8,0,0,0,0,0,9.7,0,0,0,0
17.3,year_402,82.7,35.3,15.2,1.2,0,0,0,0,0,0,0
3.1,year_403,97,95.9,81.9,2.4,0,0,0,0,0,0,0
72.2,year_404,0,0,0,0,0,0,27.8,0,0,0,0
58.8,year_405,41.2,0,0,0,0,0,0,0,0,0,0
54.8,year_406,45.1,18.4,0,0,0,0,0,0,0,0,0
44.6,year_407,0,0,0,0,0,0,55.4,15.4,0,0,0
14.6,year_408,0,0,0,0,0,0,85.3,41,7.9,0,0
52.9,year_409,8.9,0,0,0,0,0,38.2,0,0,0,0
67.9,year_410,0,0,0,0,0,0,32.1,0,0,0,0
94.8,year_411,0,0,0,0,0,0,5.2,0,0,0,0
80.6,year_412,16.1,3.4,0,0,0,0,3.3,0,0,0,0
0,year_413,0,0,0,0,0,0,100,41.2,8.7,0,0
72.9,year_414,5.9,0,0,0,0,0,21.2,1,0,0,0
16.3,year_415,83.6,63.9,41.8,25.1,9.1,0,0,0,0,0,0
64.4,year_416,35.6,17,0,0,0,0,0,0,0,0,0
76.4,year_417,23.6,1.1,0,0,0,0,0,0,0,0,0
19.9,year_418,80.1,9.9,0,0,0,0,0,0,0,0,0
43.6,year_419,56.4,0,0,0,0,0,0,0,0,0,0
83.5,year_420,16.5,0,0,0,0,0,0,0,0,0,0
20.9,year_421,0.1,0,0,0,0,0,79,54.4,1.1,0,0
5.3,year_422,0,0,0,0,0,0,94.8,72.6,30.2,0,0
59.8,year_423,40.3,13.5,0,0,0,0,0,0,0,0,0
85.4,year_424,14.6,0.1,0,0,0,0,0,0,0,0,0
99.9,year_425,0.1,0,0,0,0,0,0,0,0,0,0
28.8,year_426,71.2,56.7,26.4,0,0,0,0,0,0,0,0
57.2,year_427,22.1,2.2,0,0,0,0,20.7,0,0,0,0
99.9,year_428,0.1,0,0,0,0,0,0,0,0,0,0
46.1,year_429,11.2,0,0,0,0,0,42.7,20.4,6.9,0,0
3.1,year_430,0,0,0,0,0,0,96.9,38.6,0,0,0
25.3,year_431,74.6,59,31,0,0,0,0.1,0,0,0,0
83.2,year_432,16.8,0,0,0,0,0,0,0,0,0,0
10.9,year_433,0,0,0,0,0,0,89.2,77.1,63.6,39.8,12.4
5.6,year_434,0,0,0,0,0,0,94.4,67.5,9.7,0,0
23.4,year_435,0,0,0,0,0,0,76.6,24.8,1.2,0,0
30,year_436,0,0,0,0,0,0,70,43.1,13.4,0,0
31.2,year_437,17,11.4,4.8,0,0,0,51.8,0,0,0,0
41.7,year_438,49.1,23.6,0,0,0,0,9.2,0.1,0,0,0
42.1,year_439,29.8,5.6,0,0,0,0,28,2.3,0,0,0
59.1,year_440,40.8,0.1,0,0,0,0,0,0,0,0,0
26.4,year_441,8,0,0,0,0,0,65.6,43.2,3.1,0,0
9.2,year_442,90.7,25.2,4.8,0,0,0,0,0,0,0,0
21.1,year_443,0,0,0,0,0,0,78.9,24.7,1,0,0
83,year_444,17,0,0,0,0,0,0,0,0,0,0
2.4,year_445,0,0,0,0,0,0,97.6,48.9,0,0,0
18.1,year_446,81.9,37.2,0,0,0,0,0,0,0,0,0
2,year_447,98,91.6,70.7,0,0,0,0,0,0,0,0
31.7,year_448,68.3,31.8,10.2,0,0,0,0,0,0,0,0
8.4,year_449,90.6,85.3,32.2,3.8,0,0,1,0,0,0,0
18.9,year_450,0.1,0,0,0,0,0,81,58,4.5,0,0
88,year_451,6.7,0,0,0,0,0,5.3,0,0,0,0
7.8,year_452,92.2,84.6,68.2,5.7,0,0,0,0,0,0,0
21.3,year_453,78.7,37.6,0,0,0,0,0,0,0,0,0
77.4,year_454,0,0,0,0,0,0,22.6,1.1,0,0,0
8.9,year_455,89.9,75.4,54.3,5.5,0,0,1.1,0,0,0,0
0,year_456,100,79.2,7.9,0,0,0,0,0,0,0,0
92.3,year_457,7.7,0,0,0,0,0,0,0,0,0,0
20.4,year_458,0,0,0,0,0,0,79.6,5.8,0,0,0
0,year_459,0,0,0,0,0,0,100,100,90.3,52.9,11.5
58.1,year_460,40.6,0,0,0,0,0,1.2,0,0,0,0
2,year_461,98,76.2,2.4,0,0,0,0,0,0,0,0
88.7,year_462,0,0,0,0,0,0,11.3,4.6,0.1,0,0
0,year_463,100,100,72.9,15.1,0.1,0,0,0,0,0,0
68.8,year_464,22.5,0,0,0,0,0,8.8,0,0,0,0
17.8,year_465,0,0,0,0,0,0,82.2,25,0,0,0
32.7,year_466,67.3,0,0,0,0,0,0,0,0,0,0
91.5,year_467,1.2,0,0,0,0,0,7.3,0,0,0,0
30,year_468,0,0,0,0,0,0,70,0,0,0,0
87.5,year_469,12.5,0,0,0,0,0,0,0,0,0,0
51.9,year_470,9,1.2,0,0,0,0,39.1,0,0,0,0
52.4,year_471,42.9,3.3,0,0,0,0,4.7,0,0,0,0
26.2,year_472,70.7,2.2,0,0,0,0,3.1,0,0,0,0
30,year_473,70,44.1,10,0,0,0,0,0,0,0,0
12.7,year_474,86.3,57.5,0,0,0,0,1,0,0,0,0
48.2,year_475,1.3,0,0,0,0,0,50.6,12.3,0,0,0
99.9,year_476,0,0,0,0,0,0,0.1,0,0,0,0
0,year_477,0,0,0,0,0,0,100,82.5,66.9,42.4,4.5
28.4,year_478,0,0,0,0,0,0,71.5,20.3,4.8,0,0
76,year_479,24,0,0,0,0,0,0,0,0,0,0
9.8,year_480,0,0,0,0,0,0,90.2,47.9,7.2,0,0
47,year_481,0,0,0,0,0,0,53,15.6,0,0,0
31.1,year_482,0,0,0,0,0,0,68.9,10,0,0,0
62.6,year_483,34.3,0,0,0,0,0,3.1,0,0,0,0
7.7,year_484,0,0,0,0,0,0,92.3,39.4,1.1,0,0
67.4,year_485,0,0,0,0,0,0,32.6,13.7,3.6,0,0
43.1,year_486,35.9,2.2,0,0,0,0,21,0,0,0,0
8.5,year_487,0,0,0,0,0,0,91.5,19,4.5,0.1,0
2.1,year_488,97.9,74.2,20.7,4.9,0,0,0,0,0,0,0
41.2,year_489,30.1,18,8,1.1,0,0,28.8,11.1,0,0,0
0,year_490,0,0,0,0,0,0,100,60.4,0,0,0
92.1,year_491,7.8,0,0,0,0,0,0.1,0,0,0,0
59.4,year_492,0,0,0,0,0,0,40.6,0,0,0,0
0,year_493,99.9,97.9,47.1,0,0,0,0,0,0,0,0
11,year_494,0,0,0,0,0,0,89,26.5,0,0,0
0,year_495,0,0,0,0,0,0,99.9,94.4,70,10.9,0
0,year_496,0,0,0,0,0,0,100,87.3,35.2,0,0
33.1,year_497,0,0,0,0,0,0,66.9,2.2,0,0,0
46.1,year_498,0,0,0,0,0,0,53.9,0,0,0,0
5.5,year_499,0,0,0,0,0,0,94.5,29.7,0,0,0
42.6,year_500,51,1.1,0,0,0,0,6.3,3.1,0,0,0
64.9,year_501,0,0,0,0,0,0,35.1,11.8,3.1,0,0
0,year_502,0,0,0,0,0,0,100.1,87.1,32.7,17.3,7
0,year_503,0,0,0,0,0,0,100.1,95.8,54,10.1,0
0,year_504,0,0,0,0,0,0,100,95.7,75.1,24.3,0
73.5,year_505,2,0,0,0,0,0,24.5,0,0,0,0
61.8,year_506,38.2,12.8,2.4,0,0,0,0,0,0,0,0
19.4,year_507,80.5,2.3,0,0,0,0,0,0,0,0,0
23,year_508,68,47.8,2.3,0,0,0,9,0,0,0,0
91.6,year_509,2.2,0,0,0,0,0,6.2,0,0,0,0
9.7,year_510,0,0,0,0,0,0,90.3,37.9,0,0,0
98,year_511,0,0,0,0,0,0,2,0,0,0,0
64.4,year_512,35.7,6.7,0,0,0,0,0,0,0,0,0
3.1,year_513,96.9,92.7,68.1,6.7,0,0,0,0,0,0,0
45.9,year_514,49.6,0,0,0,0,0,4.5,0,0,0,0
6.4,year_515,93.6,89.2,54.4,0,0,0,0,0,0,0,0
0,year_516,100,99,96.9,83.8,22.1,0,0,0,0,0,0
0,year_517,100,95.8,89.1,32.5,0,0,0,0,0,0,0
55.9,year_518,44.1,0,0,0,0,0,0,0,0,0,0
85,year_519,15,0,0,0,0,0,0,0,0,0,0
0,year_520,100,98.9,48.2,0,0,0,0,0,0,0,0
96.7,year_521,0,0,0,0,0,0,3.3,0,0,0,0
27.7,year_522,0,0,0,0,0,0,72.3,57.7,24.2,0,0
5.3,year_523,0,0,0,0,0,0,94.6,83.5,72.3,54.5,27.6
32.5,year_524,67.5,0.1,0,0,0,0,0,0,0,0,0
32.5,year_525,40.9,0,0,0,0,0,26.6,5.6,0,0,0
5.5,year_526,94.6,86.7,80.1,71.2,49.8,0,0,0,0,0,0
67.8,year_527,11.9,0,0,0,0,0,20.4,12.6,0,0,0
50.6,year_528,49.4,7.2,0,0,0,0,0,0,0,0,0
65.1,year_529,33.9,22.6,9.3,0,0,0,1,0,0,0,0
0,year_530,0,0,0,0,0,0,100,53.1,0,0,0
80.5,year_531,19.6,3.7,0,0,0,0,0,0,0,0,0
95.9,year_532,0,0,0,0,0,0,4.1,0,0,0,0
50.9,year_533,44.3,0,0,0,0,0,4.8,0,0,0,0
86.5,year_534,0,0,0,0,0,0,13.5,0,0,0,0
0,year_535,100,79,17.3,0.1,0,0,0,0,0,0,0
0,year_536,100,87.2,33.8,0.4,0,0,0,0,0,0,0
41.6,year_537,0,0,0,0,0,0,58.4,0,0,0,0
26.1,year_538,0,0,0,0,0,0,73.9,25,13.6,3.5,0
12.7,year_539,87.2,50.7,0,0,0,0,0,0,0,0,0
93,year_540,7,0,0,0,0,0,0,0,0,0,0
25.2,year_541,0,0,0,0,0,0,74.9,20.1,0,0,0
14.4,year_542,84.5,72.4,53.6,1.1,0,0,1.1,0,0,0,0
4.3,year_543,95.8,91.2,81.4,5.8,0,0,0,0,0,0,0
47.9,year_544,16.9,0,0,0,0,0,35.1,0,0,0,0
94.8,year_545,0,0,0,0,0,0,5.2,0,0,0,0
0,year_546,0,0,0,0,0,0,100,99.7,69.5,18.4,0
15.8,year_547,0.1,0,0,0,0,0,84.2,67.7,46.4,23.1,2.2
0.1,year_548,0,0,0,0,0,0,99.9,83.1,10.5,0,0
0,year_549,0,0,0,0,0,0,100,100,83.2,21.4,0
0,year_550,0,0,0,0,0,0,100.1,33.9,1,0,0
22.4,year_551,3.5,0,0,0,0,0,74.1,36.4,1.1,0,0
29.9,year_552,3.4,0,0,0,0,0,66.7,34.3,0,0,0
72.3,year_553,2.2,0,0,0,0,0,25.5,14.4,2.1,0,0
0,year_554,99.9,99.9,75,37.6,0,0,0,0,0,0,0
11.2,year_555,0,0,0,0,0,0,88.8,41.8,3.4,0,0
28.8,year_556,0,0,0,0,0,0,71.3,43.2,0,0,0
0,year_557,0,0,0,0,0,0,99.9,99.9,57,16.4,4.4
58.9,year_558,0,0,0,0,0,0,41.1,0,0,0,0
61.8,year_559,0,0,0,0,0,0,38.2,0,0,0,0
82.9,year_560,0,0,0,0,0,0,17.1,0,0,0,0
42.6,year_561,53.1,29.8,0,0,0,0,4.4,0,0,0,0
46.5,year_562,3.1,0,0,0,0,0,50.4,3.4,0,0,0
0,year_563,100,100,100,97.8,66.6,0,0,0,0,0,0
32,year_564,67.9,1,0,0,0,0,0.1,0,0,0,0
2.1,year_565,97.9,86.7,54.3,0,0,0,0,0,0,0,0
93.7,year_566,0,0,0,0,0,0,6.3,0,0,0,0
0,year_567,0,0,0,0,0,0,100,83.8,26.3,8.2,0
22.9,year_568,77.1,52.3,2.3,0,0,0,0,0,0,0,0
0,year_569,100,100,100,90.2,11.4,0,0,0,0,0,0
10.6,year_570,89.4,1.6,0,0,0,0,0,0,0,0,0
0,year_571,0,0,0,0,0,0,100,87.2,34.7,0,0
8.6,year_572,0,0,0,0,0,0,91.3,26,4.7,0,0
0,year_573,0,0,0,0,0,0,100,30.1,14.6,0,0
0.1,year_574,0,0,0,0,0,0,100,94.4,62.2,12.2,2.2
0,year_575,0,0,0,0,0,0,99.9,99.9,96.8,84.9,63.7
39,year_576,0.2,0,0,0,0,0,60.8,11,0,0,0
28,year_577,0,0,0,0,0,0,72,14.3,0,0,0
5.2,year_578,94.8,67.1,3.4,0,0,0,0,0,0,0,0
19.1,year_579,80.9,0,0,0,0,0,0,0,0,0,0
4.2,year_580,95.8,28.5,0,0,0,0,0,0,0,0,0
10.2,year_581,0,0,0,0,0,0,89.7,59.2,3,0,0
0,year_582,0,0,0,0,0,0,100,37,21.3,4.8,0
84.9,year_583,0,0,0,0,0,0,15.1,3.1,0,0,0
13.1,year_584,78.9,65.7,11,0,0,0,8,0,0,0,0
97.7,year_585,0.2,0,0,0,0,0,2.1,0,0,0,0
65.1,year_586,0,0,0,0,0,0,35,20.4,13.7,4.9,2.5
0,year_587,0,0,0,0,0,0,100.1,86.3,34,8.1,1.3
0,year_588,100.1,97.9,49.7,0.1,0,0,0,0,0,0,0
0.1,year_589,0,0,0,0,0,0,99.9,79.3,65.6,35.2,11.2
0,year_590,99.9,96.8,45.9,1.3,0,0,0,0,0,0,0
0,year_591,100,100,100,98.9,69.9,0,0,0,0,0,0
3.3,year_592,0,0,0,0,0,0,96.7,71.6,9.4,0,0
2.1,year_593,0,0,0,0,0,0,97.8,55.4,0,0,0
46.7,year_594,10.5,1.4,0,0,0,0,42.9,2.2,0,0,0
18.1,year_595,0,0,0,0,0,0,82,35,0,0,0
71.5,year_596,28.5,12.7,3.8,0,0,0,0,0,0,0,0
22.2,year_597,77.9,24.3,0,0,0,0,0,0,0,0,0
45.4,year_598,54.6,0,0,0,0,0,0,0,0,0,0
4.3,year_599,95.8,83.5,1.4,0,0,0,0,0,0,0,0
57.5,year_600,3,0,0,0,0,0,39.3,8.7,1,0,0
53,year_601,0,0,0,0,0,0,47,9.9,0,0,0
10.5,year_602,0,0,0,0,0,0,89.5,4.4,0,0,0
1.1,year_603,98.9,29.8,0,0,0,0,0,0,0,0,0
9.5,year_604,90.4,11.5,0,0,0,0,0,0,0,0,0
100,year_605,0,0,0,0,0,0,0,0,0,0,0
12,year_606,88,34.3,0,0,0,0,0,0,0,0,0
100,year_607,0,0,0,0,0,0,0,0,0,0,0
33.2,year_608,0,0,0,0,0,0,66.8,42.2,9,0,0
63.1,year_609,0,0,0,0,0,0,36.9,0,0,0,0
83.4,year_610,16.6,0,0,0,0,0,0,0,0,0,0
0,year_611,99.9,99.9,99.9,98.8,77,0,0,0,0,0,0
41.1,year_612,58.9,34.2,6.3,2.1,1,0,0,0,0,0,0
32.3,year_613,67.7,8.8,0,0,0,0,0,0,0,0,0
31.5,year_614,68.5,0,0,0,0,0,0,0,0,0,0
2,year_615,97.9,83.9,25.3,0,0,0,0,0,0,0,0
1.3,year_616,98.7,26.6,0,0,0,0,0,0,0,0,0
100,year_617,0,0,0,0,0,0,0,0,0,0,0
59.2,year_618,39.7,4.7,0,0,0,0,1.1,0,0,0,0
9.1,year_619,90.9,12,0,0,0,0,0,0,0,0,0
10.2,year_620,89.8,80.1,66.8,26.6,0,0,0,0,0,0,0
29.4,year_621,0,0,0,0,0,0,70.6,38.1,12,0,0
8.5,year_622,0,0,0,0,0,0,91.6,78.2,63.8,48.2,32.5
12.7,year_623,0,0,0,0,0,0,87.3,19.3,0,0,0
53,year_624,47,16.3,1.3,0,0,0,0,0,0,0,0
9.6,year_625,90.4,8.2,0,0,0,0,0,0,0,0,0
1.1,year_626,98.9,23.8,0,0,0,0,0,0,0,0,0
88.8,year_627,3.3,0,0,0,0,0,7.9,0,0,0,0
0,year_628,0,0,0,0,0,0,100.1,99,86.9,26.3,0
2,year_629,0,0,0,0,0,0,98,33.5,0,0,0
0,year_630,99.9,90.2,65,6.1,0,0,0,0,0,0,0
73.2,year_631,24.2,0,0,0,0,0,2.6,0,0,0,0
65.2,year_632,0,0,0,0,0,0,34.8,21.2,10.1,1.2,0
49.1,year_633,50.9,2.1,0,0,0,0,0,0,0,0,0
20.9,year_634,79.1,40.9,0,0,0,0,0,0,0,0,0
71.4,year_635,22.1,0,0,0,0,0,6.5,0,0,0,0
0,year_636,0,0,0,0,0,0,100,100,100,86.5,68.9
10.3,year_637,0,0,0,0,0,0,89.8,69.7,39.7,0,0
91.1,year_638,8.9,3.1,0,0,0,0,0,0,0,0,0
20.8,year_639,79.2,2.4,0,0,0,0,0,0,0,0,0
4.2,year_640,95.8,90.5,44,0,0,0,0,0,0,0,0
12.8,year_641,0,0,0,0,0,0,87.2,58.3,23.8,0,0
58.8,year_642,41.3,2,0,0,0,0,0,0,0,0,0
18,year_643,82,52.6,3.2,0,0,0,0,0,0,0,0
54.5,year_644,45.5,0,0,0,0,0,0,0,0,0,0
0,year_645,99.9,99.9,94.3,86.5,30.8,0,0,0,0,0,0
0,year_646,100,100,100,89,30.1,0,0,0,0,0,0
19.6,year_647,80.4,33.9,0,0,0,0,0,0,0,0,0
39.1,year_648,60.9,0,0,0,0,0,0,0,0,0,0
45.5,year_649,2,0,0,0,0,0,52.4,21.9,0,0,0
69.8,year_650,8.8,0,0,0,0,0,21.4,0,0,0,0
0,year_651,99.9,94.7,27.5,3.7,0,0,0,0,0,0,0
85.2,year_652,14.8,0,0,0,0,0,0,0,0,0,0
77.6,year_653,17.6,3.1,0,0,0,0,4.8,0,0,0,0
98.9,year_654,0,0,0,0,0,0,1.1,0,0,0,0
1.1,year_655,0,0,0,0,0,0,98.8,37.6,3.6,0,0
5.2,year_656,0,0,0,0,0,0,94.8,69.7,23.3,1.2,0
88,year_657,9.5,0,0,0,0,0,2.5,0,0,0,0
77.4,year_658,22.6,0,0,0,0,0,0,0,0,0,0
81.3,year_659,18.7,0,0,0,0,0,0,0,0,0,0
0,year_660,100.1,95.8,88.1,53.5,0,0,0,0,0,0,0
2.3,year_661,97.7,82.4,19.9,0,0,0,0,0,0,0,0
70.7,year_662,0,0,0,0,0,0,29.3,14.9,6,2.6,0.1
11,year_663,89,62.4,4.4,0,0,0,0,0,0,0,0
0,year_664,100,99.8,85.3,12.4,0,0,0,0,0,0,0
49.3,year_665,0,0,0,0,0,0,50.7,13,0,0,0
54.4,year_666,0,0,0,0,0,0,45.6,3.2,0,0,0
27.7,year_667,0,0,0,0,0,0,72.3,56.4,31.9,0,0
96.6,year_668,0,0,0,0,0,0,3.4,0,0,0,0
6.7,year_669,93.3,0,0,0,0,0,0,0,0,0,0
100,year_670,0,0,0,0,0,0,0,0,0,0,0
58.2,year_671,0,0,0,0,0,0,41.8,16.9,0,0,0
0,year_672,0,0,0,0,0,0,100,86.5,39.8,2.2,0
13.7,year_673,0,0,0,0,0,0,86.3,77.5,58.5,35.2,10.7
54.3,year_674,0,0,0,0,0,0,45.8,1,0,0,0
66.1,year_675,0,0,0,0,0,0,33.9,4.6,0,0,0
58.1,year_676,0,0,0,0,0,0,41.9,0,0,0,0
0,year_677,100,100,98.9,47.2,4.9,0,0,0,0,0,0
0,year_678,100,94.2,43.9,0,0,0,0,0,0,0,0
7.8,year_679,0,0,0,0,0,0,92.2,38.9,0,0,0
100,year_680,0,0,0,0,0,0,0,0,0,0,0
21.2,year_681,78.8,0,0,0,0,0,0,0,0,0,0
2,year_682,0,0,0,0,0,0,98,36.4,0.2,0,0
62.6,year_683,6.4,0,0,0,0,0,31,7.8,0,0,0
30.8,year_684,0,0,0,0,0,0,69.2,49.1,28.7,8.9,2.2
41.1,year_685,4.2,0,0,0,0,0,54.6,12.4,0,0,0
0,year_686,100,98.9,52.3,0,0,0,0,0,0,0,0
27.3,year_687,71.6,2.1,0,0,0,0,1.1,0,0,0,0
0,year_688,0,0,0,0,0,0,100,100,62.2,7,0
0,year_689,0,0,0,0,0,0,100,96.9,86.9,69,36.3
17.7,year_690,4.4,0,0,0,0,0,77.9,35,1.1,0,0
0,year_691,0,0,0,0,0,0,100,87.4,51.4,0,0
31.8,year_692,0,0,0,0,0,0,68.3,36.2,20.5,5.9,0
2,year_693,0,0,0,0,0,0,97.9,82.4,14.3,0,0
91.8,year_694,8.2,0,0,0,0,0,0,0,0,0,0
24.3,year_695,0,0,0,0,0,0,75.7,38.7,1.1,0,0
66,year_696,0,0,0,0,0,0,34,0,0,0,0
69.3,year_697,30.6,17,3.7,0,0,0,0,0,0,0,0
87.4,year_698,12.6,0,0,0,0,0,0,0,0,0,0
15.3,year_699,84.6,65.7,36.8,17.9,1.3,0,0,0,0,0,0
22.1,year_700,77.9,21.2,0,0,0,0,0,0,0,0,0
48.7,year_701,51.4,8.4,1,0,0,0,0,0,0,0,0
92.3,year_702,7.7,0,0,0,0,0,0,0,0,0,0
100,year_703,0,0,0,0,0,0,0,0,0,0,0
0,year_704,100.1,92.2,82.5,45.5,0,0,0,0,0,0,0
62.5,year_705,36.2,3.3,0,0,0,0,1.2,0,0,0,0
0.1,year_706,100,93.6,64.7,0,0,0,0,0,0,0,0
0,year_707,100,100,81.9,27.3,0,0,0,0,0,0,0
79.7,year_708,0.2,0,0,0,0,0,20.2,0,0,0,0
1.1,year_709,98.9,69.3,3.2,0,0,0,0,0,0,0,0
6.5,year_710,0,0,0,0,0,0,93.4,1.1,0,0,0
79,year_711,4.5,0,0,0,0,0,16.5,0,0,0,0
18.4,year_712,81.6,42.8,6.5,0,0,0,0,0,0,0,0
88.9,year_713,11.1,0,0,0,0,0,0,0,0,0,0
15.3,year_714,0,0,0,0,0,0,84.7,0,0,0,0
50.9,year_715,0,0,0,0,0,0,49.1,0,0,0,0
71.5,year_716,28.4,2,0,0,0,0,0.1,0,0,0,0
5.2,year_717,94.8,74.1,2.2,0,0,0,0,0,0,0,0
47.1,year_718,44.5,12.4,0,0,0,0,8.4,3.1,0,0,0
68.5,year_719,0,0,0,0,0,0,31.5,5.6,0,0,0
52.9,year_720,6.7,0,0,0,0,0,40.5,13.5,0,0,0
66.9,year_721,0,0,0,0,0,0,33.1,0.1,0,0,0
51.2,year_722,37.4,0,0,0,0,0,11.4,0,0,0,0
54.1,year_723,22.1,4.5,0,0,0,0,23.8,9.2,0,0,0
19.5,year_724,71.3,61.2,43,0,0,0,9.2,3.7,0.2,0,0
40.8,year_725,0,0,0,0,0,0,59.2,0.1,0,0,0
92.8,year_726,0,0,0,0,0,0,7.2,0,0,0,0
81.9,year_727,18.2,4.8,0,0,0,0,0,0,0,0,0
0.3,year_728,0,0,0,0,0,0,99.8,76.9,38,0,0
90.9,year_729,9.1,0,0,0,0,0,0,0,0,0,0
0.1,year_730,0,0,0,0,0,0,99.9,89.2,69.4,26.1,0.1
0,year_731,0,0,0,0,0,0,99.9,99.9,82.7,61.4,14.6
72.1,year_732,0,0,0,0,0,0,27.9,0,0,0,0
53.6,year_733,8,0,0,0,0,0,38.4,0,0,0,0
40,year_734,60.1,4.4,0,0,0,0,0,0,0,0,0
3.7,year_735,96.3,8.7,0,0,0,0,0,0,0,0,0
66.2,year_736,33.8,0,0,0,0,0,0,0,0,0,0
28,year_737,2,0,0,0,0,0,69.9,9.3,0,0,0
0,year_738,100,100,100,100,96.4,0,0,0,0,0,0
0,year_739,100,100,95.8,30.2,0,0,0,0,0,0,0
11.1,year_740,0,0,0,0,0,0,88.9,42.4,0,0,0
85,year_741,15,2.4,0,0,0,0,0,0,0,0,0
31.5,year_742,63.7,47,21.2,0,0,0,4.8,0,0,0,0
44.9,year_743,0,0,0,0,0,0,55.2,7.4,0,0,0
75.9,year_744,24.1,1.4,0,0,0,0,0,0,0,0,0
5.4,year_745,94.7,31.8,8.2,0,0,0,0,0,0,0,0
25.1,year_746,3.7,0,0,0,0,0,71.1,15.1,0,0,0
41.1,year_747,0,0,0,0,0,0,58.9,6.9,0,0,0
1.1,year_748,98.8,73.6,32.9,0,0,0,0,0,0,0,0
49.2,year_749,50.8,22.1,2.4,0,0,0,0,0,0,0,0
0.1,year_750,100,78.7,33.1,0,0,0,0,0,0,0,0
0,year_751,100,100,100,98.9,77.6,0,0,0,0,0,0
6,year_752,94,16.8,0,0,0,0,0,0,0,0,0
80.3,year_753,0,0,0,0,0,0,19.6,1.3,0,0,0
85.3,year_754,0,0,0,0,0,0,14.7,0,0,0,0
95.8,year_755,4.1,0,0,0,0,0,0.1,0,0,0,0
54.8,year_756,45.2,0,0,0,0,0,0,0,0,0,0
25.1,year_757,74.9,43.2,10.1,0,0,0,0,0,0,0,0
44.3,year_758,0,0,0,0,0,0,55.7,4.4,0,0,0
2.1,year_759,0,0,0,0,0,0,97.9,70.3,6.8,0,0
98.8,year_760,0.2,0,0,0,0,0,1,0,0,0,0
7.3,year_761,92.7,46.7,1.6,0,0,0,0,0,0,0,0
23.4,year_762,76.7,1.3,0,0,0,0,0,0,0,0,0
83.7,year_763,16.3,0,0,0,0,0,0,0,0,0,0
68.8,year_764,31.1,0,0,0,0,0,0.1,0,0,0,0
0,year_765,0,0,0,0,0,0,100,100,66,21.8,4.9
3.2,year_766,0,0,0,0,0,0,96.8,89.9,63.1,27.7,0
24.2,year_767,75.7,14.8,0.1,0,0,0,0,0,0,0,0
0,year_768,0,0,0,0,0,0,100,91.2,23.2,0,0
34.3,year_769,0,0,0,0,0,0,65.7,2.3,0,0,0
0,year_770,100,70.8,0,0,0,0,0,0,0,0,0
0,year_771,100,83.3,8.7,0,0,0,0,0,0,0,0
12.7,year_772,0,0,0,0,0,0,87.3,54.9,26.6,0,0
92.1,year_773,0,0,0,0,0,0,7.9,0,0,0,0
0,year_774,100,83.8,52.4,0,0,0,0,0,0,0,0
5.4,year_775,94.6,38.8,18,1.3,0,0,0,0,0,0,0
61.7,year_776,0,0,0,0,0,0,38.3,0,0,0,0
52.9,year_777,0,0,0,0,0,0,47.1,5.3,0,0,0
5.1,year_778,94.9,34.3,0.2,0,0,0,0,0,0,0,0
7.6,year_779,92.4,73.5,54.7,5.7,0,0,0,0,0,0,0
21.4,year_780,0,0,0,0,0,0,78.6,39.5,21.5,0,0
38.5,year_781,0,0,0,0,0,0,61.6,4.6,0,0,0
0,year_782,100.1,94.9,74.8,7.9,0,0,0,0,0,0,0
81,year_783,0,0,0,0,0,0,19,0,0,0,0
0,year_784,0,0,0,0,0,0,100,100,100,71,23.2
0,year_785,0,0,0,0,0,0,100,100,100,71.1,14.6
25.9,year_786,32.3,0,0,0,0,0,41.9,26.5,2.2,0,0
0,year_787,0,0,0,0,0,0,100,87.6,23.7,1.1,0
55.1,year_788,0,0,0,0,0,0,44.8,10.4,3.1,0,0
64.5,year_789,0,0,0,0,0,0,35.5,0,0,0,0
100,year_790,0,0,0,0,0,0,0,0,0,0,0
3.1,year_791,96.8,78.2,14.8,0,0,0,0,0,0,0,0
20,year_792,75.6,60,36.6,16.8,0,0,4.4,0,0,0,0
60.1,year_793,4.1,0,0,0,0,0,35.7,6.7,0,0,0
61.3,year_794,6.6,0,0,0,0,0,32.1,0,0,0,0
2.1,year_795,98,58,1.3,0,0,0,0,0,0,0,0
32.9,year_796,67.1,45.7,18.2,0.1,0,0,0,0,0,0,0
0,year_797,100,100,95.8,38.2,0.2,0,0,0,0,0,0
34.4,year_798,37.9,17,2.2,0,0,0,27.8,0,0,0,0
52.1,year_799,47.9,28.9,13.6,0,0,0,0,0,0,0,0
42,year_800,0,0,0,0,0,0,57.9,33,13,1,0
0,year_801,0,0,0,0,0,0,100,57.5,0,0,0
1.2,year_802,0,0,0,0,0,0,98.8,46.9,8.3,0,0
0,year_803,0,0,0,0,0,0,100,100,90.4,70.9,49.2
5.5,year_804,0,0,0,0,0,0,94.5,36.6,15.7,2.3,0
39.8,year_805,0,0,0,0,0,0,60.2,8.2,0,0,0
66.7,year_806,29.4,7.3,0,0,0,0,3.8,0,0,0,0
45.9,year_807,54.1,25.1,0,0,0,0,0,0,0,0,0
14.9,year_808,85,61.7,2.5,0,0,0,0,0,0,0,0
0,year_809,92.2,92.2,92.2,92.2,92.2,7.8,0,0,0,0,0
33.5,year_810,28.7,13.4,0,0,0,0,37.8,2.1,0,0,0
48.7,year_811,0,0,0,0,0,0,51.4,1.3,0,0,0
82.8,year_812,0,0,0,0,0,0,17.2,0,0,0,0
41.1,year_813,11.3,0,0,0,0,0,47.6,27.5,0,0,0
45.1,year_814,2,0,0,0,0,0,52.8,1.1,0,0,0
95.8,year_815,4.1,0,0,0,0,0,0.1,0,0,0,0
30.2,year_816,69.8,0,0,0,0,0,0,0,0,0,0
0,year_817,100,100,100,81,31.9,0,0,0,0,0,0
8.7,year_818,91.3,61.6,30.6,0,0,0,0,0,0,0,0
0,year_819,100,100,100,89.4,48.1,0,0,0,0,0,0
24.8,year_820,0,0,0,0,0,0,75.3,58.2,39.1,23.2,5.5
0,year_821,0,0,0,0,0,0,100.1,100.1,77.4,55.7,38.9
0,year_822,0,0,0,0,0,0,99.9,97.8,74.8,30.2,0
26.4,year_823,73.6,61.3,45.6,27.4,5.4,0,0.1,0,0,0,0
0,year_824,100,100,64.5,0,0,0,0,0,0,0,0
8.1,year_825,91.9,61.1,29.6,0,0,0,0,0,0,0,0
0,year_826,0,0,0,0,0,0,100,90.3,38.2,5.8,0
100,year_827,0,0,0,0,0,0,0,0,0,0,0
24.4,year_828,0,0,0,0,0,0,75.6,3.4,0,0,0
0,year_829,100,80.8,33.9,4.3,0,0,0,0,0,0,0
0,year_830,99.9,99.9,97.8,57.6,0,0,0,0,0,0,0
4.4,year_831,0,0,0,0,0,0,95.6,55.3,11.8,0,0
21,year_832,0,0,0,0,0,0,78.9,4,0,0,0
92.3,year_833,0.2,0,0,0,0,0,7.5,0,0,0,0
85,year_834,1,0,0,0,0,0,13.9,0,0,0,0
25.1,year_835,74.9,38.6,0,0,0,0,0,0,0,0,0
54.5,year_836,45.6,7.9,0,0,0,0,0,0,0,0,0
15.9,year_837,84.1,2.2,0,0,0,0,0,0,0,0,0
81.4,year_838,17.5,0,0,0,0,0,1.1,0,0,0,0
16.6,year_839,83.3,46.9,8.2,0,0,0,0,0,0,0,0
25,year_840,74.5,60,40.7,4.5,0,0,0.5,0,0,0,0
4.2,year_841,95.8,80.2,45.8,2.3,0,0,0,0,0,0,0
98.1,year_842,0,0,0,0,0,0,1.9,0,0,0,0
0,year_843,0,0,0,0,0,0,99.9,83.5,28.2,3.2,0
99.8,year_844,0.2,0,0,0,0,0,0,0,0,0,0
59.1,year_845,41,12.3,1.1,0,0,0,0,0,0,0,0
38.7,year_846,61.3,0,0,0,0,0,0,0,0,0,0
0,year_847,100,100,100,85.4,2.2,0,0,0,0,0,0
93.7,year_848,6.3,0,0,0,0,0,0,0,0,0,0
10.9,year_849,89.2,6.7,0,0,0,0,0,0,0,0,0
89.3,year_850,2.4,0,0,0,0,0,8.3,0,0,0,0
58.7,year_851,35.6,0,0,0,0,0,5.7,0,0,0,0
69.4,year_852,4.5,0,0,0,0,0,26.1,1,0,0,0
51.3,year_853,21.5,2.4,0,0,0,0,27.2,0,0,0,0
0,year_854,0,0,0,0,0,0,100,75.5,32.9,0,0
71.1,year_855,0,0,0,0,0,0,28.9,0,0,0,0
72.7,year_856,0,0,0,0,0,0,27.3,0,0,0,0
25.7,year_857,70.1,42,1.1,0,0,0,4.2,0,0,0,0
0,year_858,0,0,0,0,0,0,99.9,77.8,24.1,0,0
100,year_859,0,0,0,0,0,0,0,0,0,0,0
14.3,year_860,85.7,30.2,1,0,0,0,0,0,0,0,0
56.8,year_861,43.2,17.6,0.2,0,0,0,0,0,0,0,0
51.1,year_862,43.3,23.2,2.3,0,0,0,5.6,0,0,0,0
12.9,year_863,87.1,8.4,0,0,0,0,0,0,0,0,0
43.6,year_864,56.4,0,0,0,0,0,0,0,0,0,0
1,year_865,99.1,80.7,53.8,32.8,17,0,0,0,0,0,0
87.9,year_866,12.1,0,0,0,0,0,0,0,0,0,0
0,year_867,100,99.9,64.4,0,0,0,0,0,0,0,0
0,year_868,100.1,97,51.7,24.8,5.8,0,0,0,0,0,0
32.3,year_869,23.4,8,0,0,0,0,44.2,28.5,0,0,0
66,year_870,25.8,0,0,0,0,0,8.2,0,0,0,0
81.5,year_871,18.5,0,0,0,0,0,0,0,0,0,0
6.1,year_872,93.9,30.9,5.7,0,0,0,0,0,0,0,0
63.2,year_873,30.9,9,0,0,0,0,5.9,0,0,0,0
20.8,year_874,79.2,20.4,3.1,0,0,0,0,0,0,0,0
0,year_875,100,86.2,15.3,0,0,0,0,0,0,0,0
36.4,year_876,0,0,0,0,0,0,63.6,27.7,0,0,0
97.4,year_877,2.6,0,0,0,0,0,0,0,0,0,0
5.7,year_878,94.2,74.5,34.2,0,0,0,0,0,0,0,0
78.2,year_879,21.4,0,0,0,0,0,0.4,0,0,0,0
31.3,year_880,68.7,2.4,0,0,0,0,0,0,0,0,0
93.1,year_881,1.3,0,0,0,0,0,5.7,0,0,0,0
7.3,year_882,92.7,7.9,0,0,0,0,0,0,0,0,0
0,year_883,100,100,70.9,30.1,0,0,0,0,0,0,0
0,year_884,100,100,100,87.8,44.3,0,0,0,0,0,0
69,year_885,31,0,0,0,0,0,0,0,0,0,0
48.1,year_886,40.9,3.1,0,0,0,0,10.9,0,0,0,0
65.6,year_887,14.5,0,0,0,0,0,19.8,0,0,0,0
41.1,year_888,0,0,0,0,0,0,58.8,1.1,0,0,0
28.7,year_889,71.3,0,0,0,0,0,0,0,0,0,0
46.9,year_890,30,5.9,0,0,0,0,23,3.3,0,0,0
86,year_891,12.5,0,0,0,0,0,1.5,0,0,0,0
33.4,year_892,51.8,39.5,10.8,0,0,0,14.8,1.6,0,0,0
76.8,year_893,1.1,0,0,0,0,0,22.1,0,0,0,0
37.3,year_894,0,0,0,0,0,0,62.8,30.8,16,3.5,0
100,year_895,0,0,0,0,0,0,0,0,0,0,0
0.1,year_896,0,0,0,0,0,0,99.9,79.3,19.8,2.2,0
1.1,year_897,0,0,0,0,0,0,98.9,40.2,0,0,0
22,year_898,0,0,0,0,0,0,78,10.5,0,0,0
8.9,year_899,0,0,0,0,0,0,91,73.4,61.1,42,32
55.1,year_900,44.8,17.4,0,0,0,0,0,0,0,0,0
42.2,year_901,57.7,40.7,11.2,0,0,0,0,0,0,0,0
100,year_902,0,0,0,0,0,0,0,0,0,0,0
0,year_903,100,93.3,49.2,1.1,0,0,0,0,0,0,0
38.1,year_904,61.9,3.4,0,0,0,0,0,0,0,0,0
0,year_905,0,0,0,0,0,0,100,65.7,5.1,0,0
21,year_906,76.8,52,23.8,0,0,0,2.1,0,0,0,0
0,year_907,99.9,99.9,96.8,72.2,13.2,0,0,0,0,0,0
61.7,year_908,1.4,0,0,0,0,0,37,8.5,0,0,0
36.7,year_909,9.4,0.1,0,0,0,0,53.9,35,11.6,0,0
62.5,year_910,37.5,20.7,4.9,0,0,0,0,0,0,0,0
28.2,year_911,0,0,0,0,0,0,71.8,48.3,36.1,5.2,0
25.7,year_912,1.1,0,0,0,0,0,73.2,7.5,0,0,0
48.5,year_913,51.4,27.1,7.2,0.1,0,0,0,0,0,0,0
76.1,year_914,23.9,0,0,0,0,0,0,0,0,0,0
98.6,year_915,0,0,0,0,0,0,1.4,0,0,0,0
84.5,year_916,0,0,0,0,0,0,15.5,0,0,0,0
2.5,year_917,0,0,0,0,0,0,97.5,46.2,19.6,0,0
42.3,year_918,19.3,6,0,0,0,0,38.4,17.2,0,0,0
47.9,year_919,19.3,2.5,0,0,0,0,32.8,0,0,0,0
0,year_920,100,100,89.1,42.7,0,0,0,0,0,0,0
95.7,year_921,4.3,0,0,0,0,0,0,0,0,0,0
0,year_922,100,88.9,29.2,1.3,0,0,0,0,0,0,0
0,year_923,100,93,27.4,0,0,0,0,0,0,0,0
0,year_924,100,100,100,98.9,68.9,0,0,0,0,0,0
98,year_925,0,0,0,0,0,0,2,0,0,0,0
0,year_926,0,0,0,0,0,0,99.9,99.9,70.9,10.6,0
91.6,year_927,8.4,0,0,0,0,0,0,0,0,0,0
41.1,year_928,0,0,0,0,0,0,58.8,37.3,7.9,0,0
30.3,year_929,31.2,15.9,8.2,0.2,0,0,38.5,17.4,0,0,0
0,year_930,99.9,97.8,56.1,0,0,0,0,0,0,0,0
81.6,year_931,0,0,0,0,0,0,18.4,0.1,0,0,0
76.8,year_932,0,0,0,0,0,0,23.2,0,0,0,0
66.6,year_933,33.4,0,0,0,0,0,0,0,0,0,0
46.7,year_934,53.3,0,0,0,0,0,0,0,0,0,0
11.5,year_935,88.5,2.6,0,0,0,0,0,0,0,0,0
89.6,year_936,10.4,0,0,0,0,0,0,0,0,0,0
35.4,year_937,6.7,0,0,0,0,0,58,32.6,14.9,3.4,0
2.1,year_938,0,0,0,0,0,0,97.9,20.3,0,0,0
17.4,year_939,82.6,4.5,0,0,0,0,0,0,0,0,0
89.6,year_940,0,0,0,0,0,0,10.4,0,0,0,0
4.2,year_941,0,0,0,0,0,0,95.8,57.4,28.4,12.6,3.7
84.8,year_942,14.1,0,0,0,0,0,1.1,0,0,0,0
6.4,year_943,93.7,70.6,17.4,0,0,0,0,0,0,0,0
7.7,year_944,92.2,56.7,1.1,0,0,0,0,0,0,0,0
77.9,year_945,9.9,0,0,0,0,0,12.2,0,0,0,0
36.8,year_946,15.8,0.2,0,0,0,0,47.4,32.8,13,0,0
100,year_947,0,0,0,0,0,0,0,0,0,0,0
56.6,year_948,43.3,19.1,0,0,0,0,0,0,0,0,0
39,year_949,32.3,7.1,0,0,0,0,28.7,12.2,0,0,0
88.7,year_950,11.3,0,0,0,0,0,0,0,0,0,0
5.9,year_951,94,45.2,0,0,0,0,0,0,0,0,0
74.8,year_952,25.2,0,0,0,0,0,0,0,0,0,0
68.4,year_953,31.6,0,0,0,0,0,0,0,0,0,0
0,year_954,100,100,96.7,54,0,0,0,0,0,0,0
0,year_955,100,97.9,67,39.1,2.2,0,0,0,0,0,0
51.8,year_956,2,0,0,0,0,0,46.2,22.1,0,0,0
0,year_957,100,93.5,32.1,0,0,0,0,0,0,0,0
0,year_958,100.1,78.1,9,0,0,0,0,0,0,0,0
39.9,year_959,0,0,0,0,0,0,60.1,20.7,0,0,0
0,year_960,0,0,0,0,0,0,99.9,93.4,65.8,33.3,9
32.6,year_961,67.3,25.1,4.8,0,0,0,0,0,0,0,0
71.3,year_962,0,0,0,0,0,0,28.7,0,0,0,0
64.8,year_963,0,0,0,0,0,0,35.2,2.2,0,0,0
92.8,year_964,0,0,0,0,0,0,7.2,0,0,0,0
71.3,year_965,22.6,8.1,0,0,0,0,6.1,0,0,0,0
28.2,year_966,0,0,0,0,0,0,71.7,38.9,18.8,2.2,0
55,year_967,27.5,2.2,0,0,0,0,17.5,3.3,0,0,0
82.1,year_968,2.4,0,0,0,0,0,15.5,0.1,0,0,0
0,year_969,99.9,86.4,27.5,8.3,0.1,0,0,0,0,0,0
44.8,year_970,0,0,0,0,0,0,55.2,0.1,0,0,0
84,year_971,14.9,1.3,0,0,0,0,1.1,0,0,0,0
7.6,year_972,92.4,81.1,53.2,24.6,0,0,0,0,0,0,0
0,year_973,0,0,0,0,0,0,99.9,99.9,73.4,34,9.8
0,year_974,0,0,0,0,0,0,100,98.5,50.9,0,0
0,year_975,100,100,66.7,7.4,0,0,0,0,0,0,0
0,year_976,100,92.5,30.1,0,0,0,0,0,0,0,0
67.5,year_977,0,0,0,0,0,0,32.5,0,0,0,0
61,year_978,30.8,0,0,0,0,0,8.1,0,0,0,0
0,year_979,100.1,72.5,4.8,0,0,0,0,0,0,0,0
0,year_980,100,100,100,99.9,85.3,0,0,0,0,0,0
0,year_981,100,100,100,100,97.6,0,0,0,0,0,0
81.2,year_982,0,0,0,0,0,0,18.8,3.8,0,0,0
98.6,year_983,0,0,0,0,0,0,1.4,0,0,0,0
32.1,year_984,67.9,41.1,0,0,0,0,0,0,0,0,0
0,year_985,0,0,0,0,0,0,100,34.8,0,0,0
2.3,year_986,0,0,0,0,0,0,97.7,90.1,19.1,0,0
7.9,year_987,0.2,0,0,0,0,0,92,73.5,30.9,5.6,0
12.4,year_988,1.4,0,0,0,0,0,86.3,64.4,41.8,30.7,9.9
0,year_989,0,0,0,0,0,0,100,98.6,90.8,67.8,37.5
85.8,year_990,12.1,1.2,0,0,0,0,2.1,0,0,0,0
13.1,year_991,87,62.6,50.4,17,0,0,0,0,0,0,0
1.5,year_992,98.5,37.4,3.2,0,0,0,0,0,0,0,0
0,year_993,100,100,100,68,24.5,0,0,0,0,0,0
96.8,year_994,0,0,0,0,0,0,3.2,0,0,0,0
18.3,year_995,81.8,70.6,50.6,34,21.5,0,0,0,0,0,0
13,year_996,0,0,0,0,0,0,87,42.6,0,0,0
85.9,year_997,14.1,3.8,0,0,0,0,0,0,0,0,0
16.4,year_998,83.6,62.4,37.9,13.8,0,0,0,0,0,0,0
57.8,year_999,42.2,7.8,0,0,0,0,0,0,0,0,0
46.3,year_1000,5.8,0.2,0,0,0,0,47.9,2,0,0,0
23.5,year_1001,76.4,33,0,0,0,0,0,0,0,0,0
11.4,year_1002,88.6,49.8,0,0,0,0,0,0,0,0,0
0,year_1003,100,87.6,27.1,2.4,0,0,0,0,0,0,0
97.6,year_1004,1,0,0,0,0,0,1.4,0,0,0,0
0,year_1005,100,100,100,100,82.7,0,0,0,0,0,0
74.6,year_1006,25.4,0,0,0,0,0,0,0,0,0,0
0,year_1007,0,0,0,0,0,0,100.1,93.2,5.6,0,0
31.7,year_1008,0,0,0,0,0,0,68.4,6.3,0,0,0
50.4,year_1009,49.6,9,0,0,0,0,0,0,0,0,0
51.6,year_1010,46.2,7.5,0,0,0,0,2.1,0,0,0,0
83.1,year_1011,16.9,0,0,0,0,0,0,0,0,0,0
6.5,year_1012,93.5,68.7,35.4,6.8,0,0,0,0,0,0,0
0,year_1013,100,94.2,35.7,0,0,0,0,0,0,0,0
0,year_1014,100.1,100.1,93.2,3.3,0,0,0,0,0,0,0
90.6,year_1015,0,0,0,0,0,0,9.4,0,0,0,0
72.4,year_1016,0,0,0,0,0,0,27.6,0,0,0,0
1.1,year_1017,0,0,0,0,0,0,98.9,55.4,0,0,0
62.2,year_1018,11.8,0,0,0,0,0,26.1,7.1,0,0,0
32.1,year_1019,67.8,48.8,21.2,0,0,0,0,0,0,0,0
18.1,year_1020,0,0,0,0,0,0,81.9,25.2,0,0,0
74,year_1021,25,9.4,0.4,0,0,0,1,0,0,0,0
29.9,year_1022,70.1,28.5,10.5,0,0,0,0,0,0,0,0
79.3,year_1023,0,0,0,0,0,0,20.7,11.6,4.8,2.5,0.3
2.4,year_1024,0,0,0,0,0,0,97.6,87.6,43.9,19.4,0
48.6,year_1025,19.9,1.8,0,0,0,0,31.5,0,0,0,0
29.4,year_1026,70.5,34.1,11.7,0,0,0,0,0,0,0,0
56.5,year_1027,43.5,18.8,0,0,0,0,0,0,0,0,0
43.1,year_1028,56.9,0,0,0,0,0,0,0,0,0,0
75.1,year_1029,19.4,0,0,0,0,0,5.5,0,0,0,0
79.2,year_1030,20.8,0,0,0,0,0,0,0,0,0,0
55.3,year_1031,40.2,0,0,0,0,0,4.6,0.1,0,0,0
4.2,year_1032,95.8,28.5,0,0,0,0,0,0,0,0,0
34.5,year_1033,65.5,18.1,0,0,0,0,0,0,0,0,0
65.8,year_1034,9.2,0,0,0,0,0,25,0,0,0,0
0,year_1035,100,100,86.3,36.2,21.5,0,0,0,0,0,0
1.2,year_1036,98.8,91.2,68.5,1.3,0,0,0,0,0,0,0
28,year_1037,72,25.7,0,0,0,0,0,0,0,0,0
8.9,year_1038,91.1,54.5,12,0,0,0,0,0,0,0,0
0,year_1039,99.9,90.1,62.6,18,0,0,0,0,0,0,0
26.9,year_1040,73.1,1.1,0,0,0,0,0,0,0,0,0
35.2,year_1041,64.7,38.3,0,0,0,0,0,0,0,0,0
9.7,year_1042,0,0,0,0,0,0,90.3,1.2,0,0,0
16.4,year_1043,83.6,22.8,0.2,0,0,0,0,0,0,0,0
26.8,year_1044,73.1,20.4,0,0,0,0,0,0,0,0,0
86.3,year_1045,0,0,0,0,0,0,13.7,0,0,0,0
3.3,year_1046,96.7,77.2,15.9,0,0,0,0,0,0,0,0
54.5,year_1047,8.9,0,0,0,0,0,36.6,0,0,0,0
1,year_1048,99,88.3,29.5,12.7,0.1,0,0,0,0,0,0
63,year_1049,37,0,0,0,0,0,0,0,0,0,0
21.1,year_1050,0,0,0,0,0,0,78.9,23.7,0,0,0
36.5,year_1051,0,0,0,0,0,0,63.5,1.1,0,0,0
12.4,year_1052,0,0,0,0,0,0,87.7,48.1,21.1,3.3,0
66.7,year_1053,17.4,8.3,0.5,0,0,0,15.9,0,0,0,0
0,year_1054,0,0,0,0,0,0,99.9,97.8,74.3,11,0
28.3,year_1055,71.7,3.6,0,0,0,0,0,0,0,0,0
99.8,year_1056,0.2,0,0,0,0,0,0,0,0,0,0
74,year_1057,3.3,0,0,0,0,0,22.7,0,0,0,0
24.7,year_1058,0,0,0,0,0,0,75.3,31,0,0,0
85.3,year_1059,14.7,3.7,0.1,0,0,0,0,0,0,0,0
64.6,year_1060,9.9,0,0,0,0,0,25.5,8.8,0,0,0
8.4,year_1061,0,0,0,0,0,0,91.6,65.6,12.9,0,0
97.5,year_1062,2.5,0,0,0,0,0,0,0,0,0,0
18.8,year_1063,0,0,0,0,0,0,81.2,31.5,1.2,0,0
1.5,year_1064,0,0,0,0,0,0,98.5,68.6,39.5,11.9,0
0,year_1065,0,0,0,0,0,0,100,97.7,89.8,63,27.5
38,year_1066,0,0,0,0,0,0,62,8.9,0,0,0
0,year_1067,100,98.7,93.2,78,14.8,0,0,0,0,0,0
0,year_1068,100,100,96.3,62.3,14,0,0,0,0,0,0
55.2,year_1069,44.8,15.9,0.1,0,0,0,0,0,0,0,0
51.4,year_1070,0.3,0,0,0,0,0,48.3,6.8,0,0,0
93.2,year_1071,2.1,0,0,0,0,0,4.7,0,0,0,0
83.2,year_1072,3.5,0,0,0,0,0,13.3,0,0,0,0
97.6,year_1073,2.4,0,0,0,0,0,0,0,0,0,0
98.7,year_1074,1.3,0,0,0,0,0,0,0,0,0,0
76.9,year_1075,0,0,0,0,0,0,23.1,0,0,0,0
0,year_1076,0,0,0,0,0,0,99.9,45.6,1.1,0,0
53.4,year_1077,0.3,0,0,0,0,0,46.2,6.5,0,0,0
39.8,year_1078,0,0,0,0,0,0,60.2,0,0,0,0
0,year_1079,0,0,0,0,0,0,100,100,97.6,52.8,13.2
0.1,year_1080,0,0,0,0,0,0,100,96.6,91.1,63.2,2.3
41,year_1081,14.6,0,0,0,0,0,44.4,15.7,0,0,0
0,year_1082,0,0,0,0,0,0,100,95.3,39.7,3.3,0
62.1,year_1083,0,0,0,0,0,0,37.9,0,0,0,0
4.7,year_1084,0,0,0,0,0,0,95.3,15.7,0,0,0
52,year_1085,48,27.9,0,0,0,0,0,0,0,0,0
27.7,year_1086,25.6,9,0,0,0,0,46.7,29.2,13.7,4.9,2.5
0,year_1087,0,0,0,0,0,0,100,100,90.6,65.4,11.2
0.2,year_1088,0,0,0,0,0,0,99.8,92.7,75.7,7.8,0
26.3,year_1089,0,0,0,0,0,0,73.6,6.5,0,0,0
11.2,year_1090,86.3,73,48.5,29.4,0,0,2.5,0,0,0,0
7.9,year_1091,84.1,75.4,47.4,0,0,0,8,2.4,0.1,0,0
54.3,year_1092,19.2,1,0,0,0,0,26.6,8.2,1.4,0,0
64.8,year_1093,21.6,0,0,0,0,0,13.6,0,0,0,0
78.5,year_1094,19.2,0,0,0,0,0,2.2,0,0,0,0
98,year_1095,0,0,0,0,0,0,2,0,0,0,0
84.3,year_1096,11.2,0,0,0,0,0,4.5,0,0,0,0
67.8,year_1097,32.2,2.2,0,0,0,0,0,0,0,0,0
0,year_1098,100,94.6,61.6,6.4,0,0,0,0,0,0,0
22,year_1099,73.3,41.1,9.9,0,0,0,4.7,0,0,0,0
43.9,year_1100,0,0,0,0,0,0,56.1,14.8,0.2,0,0
99.9,year_1101,0.1,0,0,0,0,0,0,0,0,0,0
41.5,year_1102,0,0,0,0,0,0,58.5,19.1,0,0,0
72.1,year_1103,20.7,4.8,0,0,0,0,7.3,0,0,0,0
83.1,year_1104,1,0,0,0,0,0,15.9,5.9,0,0,0
19.3,year_1105,0,0,0,0,0,0,80.8,53.3,29.6,19.3,5.9
73.4,year_1106,0,0,0,0,0,0,26.7,14.6,5.8,0,0
37.7,year_1107,12.3,0,0,0,0,0,50,31.1,18,5.7,0
40.6,year_1108,59.4,1.6,0,0,0,0,0,0,0,0,0
97.7,year_1109,0,0,0,0,0,0,2.3,0,0,0,0
0,year_1110,0,0,0,0,0,0,100,92.9,6.6,0,0
94.5,year_1111,0.1,0,0,0,0,0,5.3,0,0,0,0
3.5,year_1112,0,0,0,0,0,0,96.5,64.6,0,0,0
49.9,year_1113,0.2,0,0,0,0,0,49.9,4.2,0,0,0
67.6,year_1114,13.6,0,0,0,0,0,18.8,3.5,0,0,0
69,year_1115,0.2,0,0,0,0,0,30.8,2.2,0,0,0
0,year_1116,0,0,0,0,0,0,100,90.3,68,30,7.8
0,year_1117,0,0,0,0,0,0,100,95.6,75.4,37.4,3.3
5.8,year_1118,0,0,0,0,0,0,94.1,47,0,0,0
91.2,year_1119,0,0,0,0,0,0,8.8,0.2,0,0,0
79.5,year_1120,0,0,0,0,0,0,20.5,0,0,0,0
25.9,year_1121,74.2,51.3,14.2,1.5,0,0,0,0,0,0,0
20.4,year_1122,0,0,0,0,0,0,79.6,25.9,6.7,0,0
82,year_1123,17.9,5.6,0.1,0,0,0,0,0,0,0,0
61.9,year_1124,7.9,0,0,0,0,0,30.2,0,0,0,0
31.3,year_1125,0,0,0,0,0,0,68.7,13.5,0,0,0
0,year_1126,100,100,94.6,75.7,40.6,0,0,0,0,0,0
19.8,year_1127,80.2,39.2,2.3,0,0,0,0,0,0,0,0
0,year_1128,0,0,0,0,0,0,100,80.8,12.7,0,0
0,year_1129,0,0,0,0,0,0,100,82.9,41,12.3,1
14.6,year_1130,85.4,37.1,2.5,0,0,0,0,0,0,0,0
26.2,year_1131,73.8,37.3,6.6,0,0,0,0,0,0,0,0
0,year_1132,100,80.5,30.9,3.8,0,0,0,0,0,0,0
0,year_1133,100,84.5,38.3,0,0,0,0,0,0,0,0
5.9,year_1134,94.1,22.4,0,0,0,0,0,0,0,0,0
0,year_1135,100,85.7,34.4,0,0,0,0,0,0,0,0
95.6,year_1136,4.4,0,0,0,0,0,0,0,0,0,0
100,year_1137,0,0,0,0,0,0,0,0,0,0,0
23.4,year_1138,73.1,8.9,0,0,0,0,3.5,0,0,0,0
95.6,year_1139,0,0,0,0,0,0,4.4,0,0,0,0
0,year_1140,100,82.8,5.6,0,0,0,0,0,0,0,0
63.1,year_1141,0,0,0,0,0,0,36.9,0,0,0,0
85.6,year_1142,1.5,0,0,0,0,0,12.9,2.3,0,0,0
83.2,year_1143,0,0,0,0,0,0,16.8,0,0,0,0
78.7,year_1144,0,0,0,0,0,0,21.3,0,0,0,0
24.4,year_1145,7.8,2.3,0,0,0,0,67.8,0,0,0,0
2.4,year_1146,97.6,72.6,42.6,0,0,0,0,0,0,0,0
7.1,year_1147,92.9,67.7,26.2,0,0,0,0,0,0,0,0
0,year_1148,99.9,99.9,90.6,45.5,9.5,0,0,0,0,0,0
30.5,year_1149,69,25.7,0,0,0,0,0.6,0,0,0,0
0,year_1150,100,100,99.9,91.6,61.1,0,0,0,0,0,0
2.6,year_1151,97.4,87.4,64.3,8.8,0,0,0,0,0,0,0
42.3,year_1152,0,0,0,0,0,0,57.7,18,0,0,0
47.2,year_1153,52.8,0,0,0,0,0,0,0,0,0,0
1.1,year_1154,98.8,91.1,59.2,10,0,0,0,0,0,0,0
86.4,year_1155,6.8,0,0,0,0,0,6.8,0,0,0,0
0,year_1156,100,100,92.6,32.9,4.8,0,0,0,0,0,0
30.7,year_1157,69.3,16,0,0,0,0,0,0,0,0,0
0,year_1158,100,100,100,48.3,0,0,0,0,0,0,0
29.3,year_1159,7.8,3.3,0,0,0,0,62.9,3.7,0,0,0
14.5,year_1160,0,0,0,0,0,0,85.4,56.2,13.2,0,0
21.2,year_1161,78.8,47.5,22.2,0,0,0,0,0,0,0,0
77.1,year_1162,3.3,0,0,0,0,0,19.6,4.4,0,0,0
0,year_1163,0,0,0,0,0,0,100,86,70.6,39.1,1.1
88.7,year_1164,10.3,0.1,0,0,0,0,1,0,0,0,0
54.2,year_1165,0,0,0,0,0,0,45.8,0.4,0,0,0
15,year_1166,84.8,57.3,30.4,3.2,0,0,0.2,0,0,0,0
75.7,year_1167,0,0,0,0,0,0,24.4,2,0,0,0
63.8,year_1168,36.2,0,0,0,0,0,0,0,0,0,0
46.2,year_1169,53.7,32.7,6.8,0,0,0,0.1,0,0,0,0
87.5,year_1170,12.5,0,0,0,0,0,0,0,0,0,0
61.4,year_1171,0,0,0,0,0,0,38.6,19.8,1,0,0
99.7,year_1172,0.3,0,0,0,0,0,0,0,0,0,0
28.2,year_1173,0,0,0,0,0,0,71.9,2.2,0,0,0
18,year_1174,82,18.7,2.4,0,0,0,0,0,0,0,0
5.3,year_1175,94.8,76.4,25.4,1.3,0,0,0,0,0,0,0
0,year_1176,100,57.5,10.2,0,0,0,0,0,0,0,0
3.1,year_1177,96.9,47.8,0,0,0,0,0,0,0,0,0
6.4,year_1178,0,0,0,0,0,0,93.6,35.3,10.6,0,0
95.4,year_1179,4.6,0,0,0,0,0,0,0,0,0,0
11.5,year_1180,4.7,0.3,0,0,0,0,83.8,42.6,6.3,0,0
0,year_1181,0,0,0,0,0,0,100,84.5,36,1.1,0
50.9,year_1182,45.9,15.8,0,0,0,0,3.2,0,0,0,0
38.6,year_1183,61.4,7,0.1,0,0,0,0,0,0,0,0
1.3,year_1184,0,0,0,0,0,0,98.7,93.2,69.9,16.6,0
100,year_1185,0,0,0,0,0,0,0,0,0,0,0
0,year_1186,100.1,81.8,50.9,1.3,0,0,0,0,0,0,0
92.4,year_1187,3.3,0,0,0,0,0,4.3,0,0,0,0
29.9,year_1188,0,0,0,0,0,0,70.2,8.5,0,0,0
86.2,year_1189,13.8,1.4,0,0,0,0,0,0,0,0,0
20.7,year_1190,0,0,0,0,0,0,79.3,33.6,0,0,0
96.6,year_1191,3.4,0,0,0,0,0,0,0,0,0,0
50,year_1192,0,0,0,0,0,0,50,0,0,0,0
91.1,year_1193,8.9,0,0,0,0,0,0,0,0,0,0
46.1,year_1194,53.8,11.2,0,0,0,0,0,0,0,0,0
0,year_1195,0,0,0,0,0,0,99.9,70.8,18.7,2.6,0
72.3,year_1196,4.8,0,0,0,0,0,22.9,2.2,0,0,0
0,year_1197,0,0,0,0,0,0,99.9,97.6,85.4,47.2,3.3
93.3,year_1198,6.7,0,0,0,0,0,0,0,0,0,0
14.7,year_1199,85.3,50.1,15,0,0,0,0,0,0,0,0
53.4,year_1200,28.7,0,0,0,0,0,17.9,8.9,2.2,0,0
50.7,year_1201,18.3,2.4,0,0,0,0,31,17.7,6.6,0,0
31.3,year_1202,0,0,0,0,0,0,68.8,14.8,1.1,0,0
1.2,year_1203,0,0,0,0,0,0,98.8,95.4,49.9,3.3,0
1,year_1204,0,0,0,0,0,0,98.9,81.8,14.2,0,0
55.5,year_1205,0,0,0,0,0,0,44.4,5.1,0,0,0
80.2,year_1206,2.8,0,0,0,0,0,17,0,0,0,0
89.4,year_1207,10.6,0,0,0,0,0,0,0,0,0,0
23.5,year_1208,76.5,27.6,3.9,0,0,0,0,0,0,0,0
23.8,year_1209,0,0,0,0,0,0,76.3,45,31.7,6.3,0
34.2,year_1210,10.1,6.7,3.4,1.1,0,0,55.6,0,0,0,0
2.4,year_1211,0,0,0,0,0,0,97.5,66.1,26.2,1,0
22.9,year_1212,0,0,0,0,0,0,77.1,6.7,0,0,0
93.1,year_1213,2.5,0.1,0,0,0,0,4.4,0,0,0,0
80.6,year_1214,7.8,0,0,0,0,0,11.6,0,0,0,0
53.5,year_1215,46.5,10.5,0,0,0,0,0,0,0,0,0
35.6,year_1216,54.7,38.1,6.7,0,0,0,9.6,0,0,0,0
0,year_1217,100,100,99.9,81.1,3.3,0,0,0,0,0,0
0,year_1218,100,94.5,69.3,18.3,0,0,0,0,0,0,0
10.7,year_1219,0,0,0,0,0,0,89.4,68.5,12.6,0,0
33.7,year_1220,0,0,0,0,0,0,66.3,21.8,1.1,0,0
64.8,year_1221,25.1,0,0,0,0,0,10.1,0,0,0,0
4.7,year_1222,0,0,0,0,0,0,95.3,57.3,5.4,0,0
71.1,year_1223,15.5,6.7,0.1,0,0,0,13.3,0,0,0,0
89.3,year_1224,0,0,0,0,0,0,10.7,0,0,0,0
23,year_1225,77,2.4,0,0,0,0,0,0,0,0,0
0,year_1226,0,0,0,0,0,0,100,30.6,0,0,0
0,year_1227,100,95.9,87.4,64.7,40,0,0,0,0,0,0
0,year_1228,0,0,0,0,0,0,100,64.2,5.4,0,0
34.4,year_1229,0,0,0,0,0,0,65.6,40,1.3,0,0
74.2,year_1230,22.5,0,0,0,0,0,3.3,0,0,0,0
47.3,year_1231,3.6,0.2,0,0,0,0,49.1,0,0,0,0
56.7,year_1232,10.1,2.4,0,0,0,0,33.2,1.4,0,0,0
2.2,year_1233,97.9,93.3,53.1,1.1,0,0,0,0,0,0,0
0,year_1234,100,100,84.1,50.4,9.6,0,0,0,0,0,0
93.4,year_1235,6.6,0,0,0,0,0,0,0,0,0,0
18.2,year_1236,81.8,35.9,2.1,0,0,0,0,0,0,0,0
20.8,year_1237,79.3,16,4.7,0.1,0,0,0,0,0,0,0
5.6,year_1238,0,0,0,0,0,0,94.3,57.9,15,0,0
0,year_1239,0,0,0,0,0,0,100,63.1,11.3,0,0
32.9,year_1240,67.1,28.1,0,0,0,0,0,0,0,0,0
10.4,year_1241,0,0,0,0,0,0,89.6,27.9,2,0,0
3.7,year_1242,0,0,0,0,0,0,96.3,48,0,0,0
87.1,year_1243,12.9,0.4,0,0,0,0,0,0,0,0,0
68,year_1244,32,13,0.3,0,0,0,0,0,0,0,0
41.2,year_1245,58.8,5,0,0,0,0,0,0,0,0,0
17,year_1246,83,63.3,14,0,0,0,0,0,0,0,0
22.7,year_1247,77.3,27.3,0,0,0,0,0,0,0,0,0
9.7,year_1248,0,0,0,0,0,0,90.3,64.1,6,0,0
11.7,year_1249,0,0,0,0,0,0,88.3,64.4,12.4,0,0
87.4,year_1250,12.6,0,0,0,0,0,0,0,0,0,0
0,year_1251,99.9,97.7,91.2,82.5,38.4,0,0,0,0,0,0
7,year_1252,93,55.1,0,0,0,0,0,0,0,0,0
39.7,year_1253,23.6,5.2,0,0,0,0,36.7,1.3,0,0,0
0,year_1254,99.9,99.9,82.2,17.7,0,0,0,0,0,0,0
57.1,year_1255,42.9,16.3,0,0,0,0,0,0,0,0,0
52.2,year_1256,23.3,0,0,0,0,0,24.5,0,0,0,0
33.4,year_1257,0,0,0,0,0,0,66.5,23,0,0,0
0,year_1258,100,100,100,98.9,65.4,0,0,0,0,0,0
22.7,year_1259,0,0,0,0,0,0,77.4,55.4,12.1,0.2,0
1.1,year_1260,0,0,0,0,0,0,98.9,19.2,0,0,0
75.9,year_1261,0,0,0,0,0,0,24.1,0,0,0,0
93.7,year_1262,6.3,0,0,0,0,0,0,0,0,0,0
13.7,year_1263,86.4,14.3,0,0,0,0,0,0,0,0,0
0,year_1264,100,78.4,10.9,0,0,0,0,0,0,0,0
60.8,year_1265,33.8,13.6,1.1,0,0,0,5.4,0,0,0,0
94.4,year_1266,0,0,0,0,0,0,5.6,0.1,0,0,0
2,year_1267,0,0,0,0,0,0,98,17.6,0,0,0
1,year_1268,0,0,0,0,0,0,99,43.2,9.9,0,0
9,year_1269,0,0,0,0,0,0,91,61.1,11.8,0,0
8.6,year_1270,91.3,67.2,1.1,0,0,0,0,0,0,0,0
64.3,year_1271,23.7,0,0,0,0,0,12,0,0,0,0
36,year_1272,1.2,0,0,0,0,0,62.7,1.1,0,0,0
0,year_1273,100,98.7,22.2,0,0,0,0,0,0,0,0
2.3,year_1274,97.7,94.3,77.6,19.1,0,0,0,0,0,0,0
36.1,year_1275,7.8,0.1,0,0,0,0,56.2,38.3,19.4,0,0
0,year_1276,100,100,51.7,7.2,0.1,0,0,0,0,0,0
7.9,year_1277,91,64.6,0,0,0,0,1.2,0.1,0,0,0
0,year_1278,100,98.9,20.9,0,0,0,0,0,0,0,0
13.1,year_1279,86.9,44.6,4.2,0,0,0,0,0,0,0,0
43.7,year_1280,50.3,18.3,0,0,0,0,6,0.3,0,0,0
6.8,year_1281,93.2,21.8,0,0,0,0,0,0,0,0,0
99.8,year_1282,0,0,0,0,0,0,0.2,0,0,0,0
15.5,year_1283,81.9,57.4,0,0,0,0,2.6,0,0,0,0
100,year_1284,0,0,0,0,0,0,0,0,0,0,0
0,year_1285,100,95.8,39.5,8.2,0.2,0,0,0,0,0,0
8.9,year_1286,90,34.5,0,0,0,0,1.1,0,0,0,0
36.1,year_1287,60.4,0,0,0,0,0,3.5,0.1,0,0,0
0,year_1288,100,94.5,2.8,0,0,0,0,0,0,0,0
7.3,year_1289,92.7,18.3,0,0,0,0,0,0,0,0,0
0.1,year_1290,0,0,0,0,0,0,99.9,68.8,19.7,0,0
76.3,year_1291,0,0,0,0,0,0,23.7,3.5,0,0,0
0,year_1292,100,77.7,25.3,4.9,0,0,0,0,0,0,0
92.9,year_1293,2.5,0,0,0,0,0,4.5,0,0,0,0
77.8,year_1294,8.9,0,0,0,0,0,13.3,2.4,0,0,0
9.7,year_1295,90.2,83.7,65.1,2.4,0,0,0.1,0,0,0,0
79.3,year_1296,20.8,4.8,0.2,0,0,0,0,0,0,0,0
84.9,year_1297,15.1,0.2,0,0,0,0,0,0,0,0,0
0,year_1298,0,0,0,0,0,0,100.1,98.8,57.1,0,0
61.9,year_1299,12.4,1.5,0,0,0,0,25.7,2,0,0,0
91.4,year_1300,4.6,0.2,0,0,0,0,4,0,0,0,0
40.7,year_1301,4.6,0,0,0,0,0,54.8,31,0,0,0
4.1,year_1302,0,0,0,0,0,0,95.9,73.8,31.1,3.3,0
1.2,year_1303,0,0,0,0,0,0,98.8,81.4,30.4,0,0
31.5,year_1304,0.1,0,0,0,0,0,68.4,7.8,0,0,0
2,year_1305,0,0,0,0,0,0,97.9,75.6,32,6.6,0
100,year_1306,0,0,0,0,0,0,0,0,0,0,0
0,year_1307,100,98.8,27.4,0,0,0,0,0,0,0,0
73.4,year_1308,9.4,0,0,0,0,0,17.3,0.1,0,0,0
4.6,year_1309,0,0,0,0,0,0,95.3,81.8,53.2,20.1,0
0,year_1310,0,0,0,0,0,0,100,90.2,39.5,20.7,0
0.1,year_1311,0,0,0,0,0,0,99.8,21.5,0,0,0
0,year_1312,0,0,0,0,0,0,100,90.3,2.2,0,0
0,year_1313,0,0,0,0,0,0,99.9,97.3,68.8,43.5,25.4
0,year_1314,0,0,0,0,0,0,100.1,100.1,73.3,13.7,2.6
90.4,year_1315,9.6,0.3,0,0,0,0,0,0,0,0,0
0,year_1316,100,98.9,87.1,43.4,3.4,0,0,0,0,0,0
18.7,year_1317,81.2,24.4,3.1,0,0,0,0,0,0,0,0
67.5,year_1318,2,0,0,0,0,0,30.4,0,0,0,0
43.6,year_1319,1,0,0,0,0,0,55.3,39.6,11.6,0,0
10.9,year_1320,0.1,0,0,0,0,0,89,69.4,4.9,0,0
0,year_1321,0,0,0,0,0,0,100,81.9,53.2,1.3,0
63.6,year_1322,0,0,0,0,0,0,36.4,3.5,0,0,0
65.9,year_1323,34.1,0,0,0,0,0,0,0,0,0,0
69.5,year_1324,30.5,0.2,0,0,0,0,0,0,0,0,0
23.9,year_1325,0,0,0,0,0,0,76.2,52.9,32.5,14.5,2.2
0.5,year_1326,0,0,0,0,0,0,99.6,78.6,42.5,23.5,3.3
8.5,year_1327,0,0,0,0,0,0,91.4,28.8,1.7,0,0
42.2,year_1328,14.7,0,0,0,0,0,43.1,10.7,0,0,0
76.4,year_1329,2.6,0,0,0,0,0,20.9,1.2,0,0,0
0,year_1330,0,0,0,0,0,0,100,98.9,87.3,43.8,2.2
0,year_1331,0,0,0,0,0,0,100,100,100,86.5,33.2
0,year_1332,0,0,0,0,0,0,99.9,99.9,98.4,83.8,28.9
0,year_1333,0,0,0,0,0,0,100,100,99.9,97.5,88.2
9.5,year_1334,0,0,0,0,0,0,90.5,33,0,0,0
24.7,year_1335,75.3,30,1.3,0,0,0,0,0,0,0,0
27.9,year_1336,72,54.2,8.2,0.1,0,0,0,0,0,0,0
15,year_1337,0,0,0,0,0,0,84.9,52.8,23.3,3.3,0
29.5,year_1338,69.2,5.9,0,0,0,0,1.2,0,0,0,0
44,year_1339,0,0,0,0,0,0,55.9,6.5,0,0,0
99.9,year_1340,0,0,0,0,0,0,0.1,0,0,0,0
40.3,year_1341,0,0,0,0,0,0,59.7,19.2,3.8,0,0
72.8,year_1342,0,0,0,0,0,0,27.2,0,0,0,0
67.3,year_1343,0,0,0,0,0,0,32.7,12,4.6,0.1,0
100,year_1344,0,0,0,0,0,0,0,0,0,0,0
100,year_1345,0,0,0,0,0,0,0,0,0,0,0
65,year_1346,0,0,0,0,0,0,35,0,0,0,0
52.1,year_1347,33.6,3.3,0,0,0,0,14.2,0,0,0,0
57.1,year_1348,42.9,0,0,0,0,0,0,0,0,0,0
80.8,year_1349,9.6,0,0,0,0,0,9.6,0.4,0,0,0
0,year_1350,100,100,77.4,17,0,0,0,0,0,0,0
51.7,year_1351,48.3,2.5,0,0,0,0,0,0,0,0,0
80,year_1352,20,0,0,0,0,0,0,0,0,0,0
6.3,year_1353,0,0,0,0,0,0,93.6,51.6,24.3,0,0
44.1,year_1354,0,0,0,0,0,0,55.9,34.5,15.7,0,0
0,year_1355,100,11.5,0,0,0,0,0,0,0,0,0
28.3,year_1356,0,0,0,0,0,0,71.7,18.9,0,0,0
0,year_1357,0,0,0,0,0,0,99.9,87.1,52,5.7,0
52.5,year_1358,0,0,0,0,0,0,47.5,33.1,19.9,4.4,0
30,year_1359,0,0,0,0,0,0,69.9,26.7,3.3,0,0
0,year_1360,100.1,94.7,60.3,0,0,0,0,0,0,0,0
0,year_1361,100,100,92.5,19.7,0,0,0,0,0,0,0
0,year_1362,100,94.7,47.8,0,0,0,0,0,0,0,0
0.1,year_1363,99.9,59.5,2.2,0,0,0,0,0,0,0,0
18.5,year_1364,81.5,1.1,0,0,0,0,0,0,0,0,0
100,year_1365,0,0,0,0,0,0,0,0,0,0,0
13.1,year_1366,0,0,0,0,0,0,86.9,10,0,0,0
64.5,year_1367,0,0,0,0,0,0,35.5,3.5,0,0,0
5.2,year_1368,0,0,0,0,0,0,94.9,79.8,16.7,0,0
16.1,year_1369,84,25,0.1,0,0,0,0,0,0,0,0
39,year_1370,0,0,0,0,0,0,60.9,32,6.7,0,0
43.9,year_1371,0.1,0,0,0,0,0,56,0,0,0,0
8.9,year_1372,0,0,0,0,0,0,91,59.9,15.7,0,0
32.5,year_1373,0,0,0,0,0,0,67.5,0.1,0,0,0
0,year_1374,0,0,0,0,0,0,100.1,78.7,14.3,0,0
6.3,year_1375,93.7,60.2,0,0,0,0,0,0,0,0,0
6.6,year_1376,93.4,77,32,0,0,0,0,0,0,0,0
58.5,year_1377,41.6,14.8,1.6,0,0,0,0,0,0,0,0
54.5,year_1378,0,0,0,0,0,0,45.5,0,0,0,0
48.6,year_1379,51.4,12,1.5,0,0,0,0,0,0,0,0
26,year_1380,0.1,0,0,0,0,0,74,56.2,33.8,9,0
30.1,year_1381,51.6,15,0,0,0,0,18.3,0,0,0,0
41.4,year_1382,54,36.5,17.7,0,0,0,4.6,0,0,0,0
43.4,year_1383,0,0,0,0,0,0,56.6,36.4,15.7,0,0
21.8,year_1384,0,0,0,0,0,0,78.2,7.8,0,0,0
14.6,year_1385,0,0,0,0,0,0,85.4,15.8,0,0,0
10.7,year_1386,0,0,0,0,0,0,89.3,22.8,0,0,0
3.2,year_1387,0,0,0,0,0,0,96.9,26,9.3,1.1,0
81.6,year_1388,18.1,0,0,0,0,0,0.3,0,0,0,0
0,year_1389,100.1,83.6,11.8,0,0,0,0,0,0,0,0
17.7,year_1390,82.4,47.8,25.3,0,0,0,0,0,0,0,0
27.7,year_1391,72.2,1.1,0,0,0,0,0,0,0,0,0
98.2,year_1392,0,0,0,0,0,0,1.8,0,0,0,0
88.6,year_1393,11.4,0,0,0,0,0,0,0,0,0,0
0,year_1394,0,0,0,0,0,0,100,99,23.7,5.9,0.1
17.4,year_1395,0,0,0,0,0,0,82.6,0,0,0,0
68.4,year_1396,1.5,0,0,0,0,0,30.1,0,0,0,0
0,year_1397,99.9,82.4,18.5,2.5,0,0,0,0,0,0,0
0,year_1398,100,50.8,0,0,0,0,0,0,0,0,0
0,year_1399,100.1,100.1,98.8,74.7,9.6,0,0,0,0,0,0
1.2,year_1400,98.8,90,12.2,0,0,0,0,0,0,0,0
51.7,year_1401,48.3,2.2,0,0,0,0,0,0,0,0,0
0,year_1402,100,56.7,0,0,0,0,0,0,0,0,0
0,year_1403,100,34.8,0,0,0,0,0,0,0,0,0
50.3,year_1404,2.2,0,0,0,0,0,47.5,30.6,0,0,0
90.8,year_1405,0,0,0,0,0,0,9.2,0,0,0,0
0,year_1406,0,0,0,0,0,0,100,82.9,9,0,0
21.5,year_1407,78.5,14,1.2,0,0,0,0,0,0,0,0
72.9,year_1408,3.6,0,0,0,0,0,23.5,0,0,0,0
0,year_1409,0,0,0,0,0,0,100,97.6,40.6,1.1,0
97.3,year_1410,2.7,0,0,0,0,0,0,0,0,0,0
64.6,year_1411,25.8,0,0,0,0,0,9.6,0,0,0,0
19.6,year_1412,0,0,0,0,0,0,80.4,1.1,0,0,0
8.5,year_1413,91.4,60.5,7.1,0,0,0,0,0,0,0,0
0.4,year_1414,0,0,0,0,0,0,99.6,47.3,33.9,1.1,0
72.5,year_1415,4.4,0,0,0,0,0,23,1.2,0,0,0
16.5,year_1416,83.5,24.6,0,0,0,0,0,0,0,0,0
50.2,year_1417,0,0,0,0,0,0,49.8,0,0,0,0
10.1,year_1418,0,0,0,0,0,0,90,48.5,13.4,0,0
89.3,year_1419,4.5,0,0,0,0,0,6.3,0,0,0,0
0,year_1420,0,0,0,0,0,0,100.1,62.2,16.8,1.1,0
27.8,year_1421,36.9,14.6,0,0,0,0,35.4,20.1,8.1,1.5,0
46.3,year_1422,0,0,0,0,0,0,53.7,21.7,4.8,0,0
32.4,year_1423,36.1,9.6,0,0,0,0,31.5,18.1,8.2,2.5,0
28.4,year_1424,0,0,0,0,0,0,71.6,43.6,22.6,8.2,2.3
59,year_1425,0,0,0,0,0,0,41,18.8,0,0,0
64.5,year_1426,4.9,0,0,0,0,0,30.6,0,0,0,0
38.6,year_1427,0,0,0,0,0,0,61.4,23.2,0,0,0
0,year_1428,0,0,0,0,0,0,100,73.1,37.7,2.4,0
100,year_1429,0,0,0,0,0,0,0,0,0,0,0
58,year_1430,4.8,0,0,0,0,0,37.2,2,0,0,0
16.4,year_1431,0,0,0,0,0,0,83.6,24,0,0,0
96.5,year_1432,3.5,0,0,0,0,0,0,0,0,0,0
56.6,year_1433,30.8,0,0,0,0,0,12.6,0,0,0,0
43.5,year_1434,42.1,17,0,0,0,0,14.5,0,0,0,0
36.6,year_1435,63.4,10.6,0,0,0,0,0,0,0,0,0
92.2,year_1436,7.8,0,0,0,0,0,0,0,0,0,0
0,year_1437,100,36.1,4.2,0,0,0,0,0,0,0,0
1.3,year_1438,98.7,71.5,5.7,0,0,0,0,0,0,0,0
0,year_1439,100,77.6,1.4,0,0,0,0,0,0,0,0
46.8,year_1440,0,0,0,0,0,0,53.2,0,0,0,0
0,year_1441,0,0,0,0,0,0,100,43.6,18.8,0,0
7.9,year_1442,92.1,74.6,15.5,0,0,0,0,0,0,0,0
58.7,year_1443,23.8,0,0,0,0,0,17.5,4.5,0,0,0
0,year_1444,100,79.6,16.2,0,0,0,0,0,0,0,0
19.2,year_1445,80.8,40.7,2.1,0,0,0,0,0,0,0,0
0.1,year_1446,99.9,9.9,0,0,0,0,0,0,0,0,0
90.5,year_1447,0,0,0,0,0,0,9.5,0,0,0,0
45.5,year_1448,54.5,1.5,0,0,0,0,0,0,0,0,0
23.7,year_1449,76.3,39.3,0,0,0,0,0,0,0,0,0
0,year_1450,100,84.1,19.6,0.1,0,0,0,0,0,0,0
55,year_1451,0,0,0,0,0,0,45,7.6,0,0,0
82.3,year_1452,0,0,0,0,0,0,17.7,0,0,0,0
26.8,year_1453,0,0,0,0,0,0,73.3,18.9,0,0,0
56.5,year_1454,4.2,0,0,0,0,0,39.3,20.4,4.7,0,0
27.6,year_1455,72.5,58,43.5,23.2,0,0,0,0,0,0,0
0,year_1456,100,72,0,0,0,0,0,0,0,0,0
42,year_1457,49.4,6.8,0,0,0,0,8.6,0,0,0,0
64.1,year_1458,0,0,0,0,0,0,35.9,6.8,0,0,0
67.3,year_1459,32.7,1.1,0,0,0,0,0,0,0,0,0
0,year_1460,100,100,82.9,22.3,4.1,0,0,0,0,0,0
6.6,year_1461,93.4,48.3,1,0,0,0,0,0,0,0,0
0,year_1462,0,0,0,0,0,0,100,90.3,23.8,0,0
3.2,year_1463,0,0,0,0,0,0,96.8,76.5,25.9,6.9,0
29,year_1464,71.1,50.9,27.6,1.3,0,0,0,0,0,0,0
0,year_1465,100,80.8,6.2,0,0,0,0,0,0,0,0
34.4,year_1466,34.2,0,0,0,0,0,31.4,13.5,0,0,0
37.6,year_1467,0,0,0,0,0,0,62.3,44.6,30.3,7.9,0
40,year_1468,30.2,13.7,1.3,0,0,0,29.8,0,0,0,0
94.5,year_1469,0,0,0,0,0,0,5.5,0,0,0,0
84,year_1470,0,0,0,0,0,0,16,0.2,0,0,0
0,year_1471,99.9,73.6,50.1,4.5,0,0,0,0,0,0,0
14.1,year_1472,85.9,61.7,4.7,0,0,0,0,0,0,0,0
59.7,year_1473,29.6,0,0,0,0,0,10.7,0,0,0,0
10.4,year_1474,89.6,58.3,34.3,11.1,0,0,0,0,0,0,0
0,year_1475,100.1,100.1,77.5,55.6,36.7,0,0,0,0,0,0
71.6,year_1476,0,0,0,0,0,0,28.4,0,0,0,0
21.9,year_1477,0,0,0,0,0,0,78.1,53.7,4.7,0,0
19.6,year_1478,0,0,0,0,0,0,80.4,45.6,0,0,0
1,year_1479,98.9,34.6,9.2,0,0,0,0,0,0,0,0
61.2,year_1480,38.8,23.2,1.1,0,0,0,0,0,0,0,0
99.9,year_1481,0,0,0,0,0,0,0.1,0,0,0,0
45.4,year_1482,1.4,0,0,0,0,0,53.3,14.1,0,0,0
82.8,year_1483,17.2,0.2,0,0,0,0,0,0,0,0,0
0,year_1484,0,0,0,0,0,0,100,99.8,75.1,46.2,33.8
0,year_1485,0,0,0,0,0,0,100,79.7,31.9,3.3,0
0,year_1486,0,0,0,0,0,0,100,100,69.8,7.5,0
42.5,year_1487,9,0,0,0,0,0,48.4,17.7,0,0,0
90.1,year_1488,0,0,0,0,0,0,9.9,0,0,0,0
31.4,year_1489,0,0,0,0,0,0,68.6,0,0,0,0
0,year_1490,0,0,0,0,0,0,100,44.1,0,0,0
0,year_1491,0,0,0,0,0,0,100,100,59.8,36.3,14.4
35.8,year_1492,35.9,16,1.6,0,0,0,28.4,0,0,0,0
100,year_1493,0,0,0,0,0,0,0,0,0,0,0
0,year_1494,0,0,0,0,0,0,100,33.9,0,0,0
0,year_1495,100,71.2,46.4,26.4,0,0,0,0,0,0,0
6.7,year_1496,93.2,82.2,46,3.2,0,0,0,0,0,0,0
19.7,year_1497,80.3,26.2,1.1,0,0,0,0,0,0,0,0
0,year_1498,0,0,0,0,0,0,100.1,88.1,42.9,3.4,0
93.3,year_1499,6.7,0.1,0,0,0,0,0,0,0,0,0
0,year_1500,100.1,99,74.9,44.3,4.5,0,0,0,0,0,0
30.8,year_1501,69.2,5.3,0,0,0,0,0,0,0,0,0
84.6,year_1502,0,0,0,0,0,0,15.4,0,0,0,0
91.3,year_1503,0,0,0,0,0,0,8.7,0,0,0,0
56.7,year_1504,0,0,0,0,0,0,43.3,0,0,0,0
0,year_1505,100,81.4,40.4,9,0,0,0,0,0,0,0
0,year_1506,100,100,94.6,88,57.1,0,0,0,0,0,0
94.3,year_1507,4.4,0,0,0,0,0,1.3,0,0,0,0
7.3,year_1508,0,0,0,0,0,0,92.7,21.8,0,0,0
0,year_1509,0,0,0,0,0,0,100,96.9,71.1,22.1,0
0,year_1510,100,62.1,0,0,0,0,0,0,0,0,0
65.5,year_1511,0,0,0,0,0,0,34.5,0,0,0,0
59.9,year_1512,0,0,0,0,0,0,40.1,0,0,0,0
40.1,year_1513,34.4,10.4,0,0,0,0,25.5,5.6,0,0,0
29.2,year_1514,0,0,0,0,0,0,70.8,42.8,21.9,0,0
64.9,year_1515,35.2,9.3,0.2,0,0,0,0,0,0,0,0
66.8,year_1516,33.2,2.2,0,0,0,0,0,0,0,0,0
67.6,year_1517,32.4,2.2,0,0,0,0,0,0,0,0,0
8.6,year_1518,91.4,49.4,34.9,20.4,7,0,0,0,0,0,0
49.8,year_1519,0,0,0,0,0,0,50.2,21.1,0,0,0
60.4,year_1520,0,0,0,0,0,0,39.6,13.8,1.2,0,0
12.9,year_1521,0,0,0,0,0,0,87.1,67.7,16.9,6.3,0
0,year_1522,100.1,91.6,72,10.5,0,0,0,0,0,0,0
55.2,year_1523,29,0,0,0,0,0,15.8,0,0,0,0
32.3,year_1524,0,0,0,0,0,0,67.7,21.6,0,0,0
44.2,year_1525,0,0,0,0,0,0,55.8,19.3,0,0,0
1.5,year_1526,0,0,0,0,0,0,98.5,49.1,0,0,0
19.4,year_1527,0,0,0,0,0,0,80.7,11.3,0,0,0
6.3,year_1528,93.7,18.4,0,0,0,0,0,0,0,0,0
42.7,year_1529,57.4,29.8,6.1,0,0,0,0,0,0,0,0
94.4,year_1530,5.6,0,0,0,0,0,0,0,0,0,0
35.2,year_1531,64.8,4.5,0,0,0,0,0,0,0,0,0
0,year_1532,100,100,100,88.4,9.9,0,0,0,0,0,0
0,year_1533,100,61.5,3.2,0,0,0,0,0,0,0,0
75.2,year_1534,24.8,0,0,0,0,0,0,0,0,0,0
16.6,year_1535,0,0,0,0,0,0,83.4,28.5,2.3,0,0
0,year_1536,0,0,0,0,0,0,100,100,85.7,13.8,0
3.3,year_1537,0,0,0,0,0,0,96.7,43,4.6,0,0
29.6,year_1538,63.4,43.3,1.1,0,0,0,6.9,0.3,0,0,0
74.5,year_1539,0,0,0,0,0,0,25.5,4.8,0.2,0,0
35.9,year_1540,0,0,0,0,0,0,64.1,26.3,0,0,0
77.3,year_1541,0,0,0,0,0,0,22.7,0,0,0,0
0,year_1542,100,100,84.6,60.4,6.7,0,0,0,0,0,0
21.8,year_1543,78.3,2.1,0,0,0,0,0,0,0,0,0
21.5,year_1544,78.5,4.2,0,0,0,0,0,0,0,0,0
0,year_1545,99.9,91,1.1,0,0,0,0,0,0,0,0
99.9,year_1546,0,0,0,0,0,0,0.1,0,0,0,0
13.8,year_1547,86.3,1.3,0,0,0,0,0,0,0,0,0
87.1,year_1548,12.9,0,0,0,0,0,0,0,0,0,0
0,year_1549,0,0,0,0,0,0,100.1,85.7,25.1,4.3,0
0,year_1550,0,0,0,0,0,0,100,88.4,23.9,2.2,0
47.2,year_1551,0,0,0,0,0,0,52.8,24.1,0,0,0
55.1,year_1552,0,0,0,0,0,0,44.9,0.1,0,0,0
0,year_1553,0,0,0,0,0,0,100,90.9,55.1,2.2,0
38.8,year_1554,0.2,0,0,0,0,0,61,8.9,0,0,0
28.4,year_1555,0,0,0,0,0,0,71.5,34.9,0,0,0
0,year_1556,0,0,0,0,0,0,100,82.6,56.7,15.6,0
0,year_1557,0,0,0,0,0,0,100,100,71.6,11.5,1.3
25.4,year_1558,74.6,15.1,0,0,0,0,0,0,0,0,0
92.2,year_1559,7.8,0,0,0,0,0,0,0,0,0,0
36,year_1560,0,0,0,0,0,0,64,0,0,0,0
75.2,year_1561,4.5,0,0,0,0,0,20.3,0,0,0,0
67.1,year_1562,7.8,0,0,0,0,0,25.1,0,0,0,0
100,year_1563,0,0,0,0,0,0,0,0,0,0,0
0,year_1564,0,0,0,0,0,0,100,100,63.3,14.6,3.6
2.3,year_1565,0,0,0,0,0,0,97.7,85.6,43,9.8,0
97,year_1566,0,0,0,0,0,0,3,0,0,0,0
52.6,year_1567,47.4,0,0,0,0,0,0,0,0,0,0
54.6,year_1568,0,0,0,0,0,0,45.4,10.9,0,0,0
15.1,year_1569,0,0,0,0,0,0,84.9,4.5,0,0,0
76,year_1570,2.4,0,0,0,0,0,21.5,0,0,0,0
93.4,year_1571,2.5,0,0,0,0,0,4,0,0,0,0
69.1,year_1572,0,0,0,0,0,0,30.9,0,0,0,0
31.2,year_1573,68.8,38.6,2.3,0,0,0,0,0,0,0,0
43.1,year_1574,50.8,35.2,1.1,0,0,0,6.1,0,0,0,0
96.2,year_1575,0,0,0,0,0,0,3.8,0,0,0,0
27.9,year_1576,72.1,1.1,0,0,0,0,0,0,0,0,0
0,year_1577,0,0,0,0,0,0,100,35.5,1.1,0,0
58.6,year_1578,0,0,0,0,0,0,41.4,2.1,0,0,0
0,year_1579,100.1,93.9,63.5,26.4,6,0,0,0,0,0,0
0,year_1580,99.9,99.9,96.6,54.6,37.7,0,0,0,0,0,0
28.6,year_1581,70,1,0,0,0,0,1.4,0,0,0,0
64.8,year_1582,11.2,0,0,0,0,0,24,4.6,0,0,0
38.6,year_1583,57.6,36.5,6.7,0,0,0,3.8,0,0,0,0
0,year_1584,100,100,87.2,53.8,16.5,0,0,0,0,0,0
0,year_1585,100.1,92.2,80.3,58.1,1.1,0,0,0,0,0,0
97.7,year_1586,1.1,0,0,0,0,0,1.2,0,0,0,0
54.5,year_1587,0,0,0,0,0,0,45.6,22.1,5,0,0
0,year_1588,0,0,0,0,0,0,100,33.9,0,0,0
0,year_1589,0,0,0,0,0,0,100,39.3,2.2,0,0
1,year_1590,99,92.6,72.9,6.1,0,0,0,0,0,0,0
27.7,year_1591,72.3,9.5,0,0,0,0,0,0,0,0,0
0,year_1592,100,94.2,1.3,0,0,0,0,0,0,0,0
52.1,year_1593,47.9,0,0,0,0,0,0,0,0,0,0
4.7,year_1594,0,0,0,0,0,0,95.3,70.2,41.1,6.7,0
41.2,year_1595,11.4,3.6,0.1,0,0,0,47.5,29.7,0,0,0
0,year_1596,0,0,0,0,0,0,100,100,42.1,1.1,0
80.8,year_1597,0,0,0,0,0,0,19.2,0,0,0,0
0,year_1598,100,68,2.1,0,0,0,0,0,0,0,0
6.6,year_1599,0,0,0,0,0,0,93.4,11.7,0,0,0
0,year_1600,99.9,99.9,98.8,32.9,0.1,0,0,0,0,0,0
55.6,year_1601,44.4,3.3,0,0,0,0,0,0,0,0,0
15.8,year_1602,0,0,0,0,0,0,84.2,32.3,9.4,0,0
0,year_1603,0,0,0,0,0,0,100,68,2.2,0,0
0,year_1604,0,0,0,0,0,0,100,100,32.7,1.1,0
0,year_1605,0,0,0,0,0,0,99.9,95.6,54.8,1.1,0
0,year_1606,0,0,0,0,0,0,100,34.6,0,0,0
23,year_1607,77,2.2,0,0,0,0,0,0,0,0,0
4.2,year_1608,0,0,0,0,0,0,95.7,35,11.4,2.4,0
0,year_1609,0,0,0,0,0,0,100.1,81,35.6,2.4,0
28,year_1610,0,0,0,0,0,0,72,40.9,25.3,2.2,0
12.9,year_1611,0,0,0,0,0,0,87.1,3.3,0,0,0
92.2,year_1612,0,0,0,0,0,0,7.8,0,0,0,0
81.5,year_1613,17.7,5.1,1.3,0,0,0,1,0,0,0,0
83.8,year_1614,2.4,0,0,0,0,0,13.7,0,0,0,0
0,year_1615,0,0,0,0,0,0,100,95.3,31.5,4.3,0
0,year_1616,0,0,0,0,0,0,100,67.9,14.8,0,0
0,year_1617,0,0,0,0,0,0,100,100,90,25.9,4.8
0,year_1618,0,0,0,0,0,0,100.1,100.1,83.8,58,10.2
1.1,year_1619,0,0,0,0,0,0,98.9,45.7,0,0,0
8.6,year_1620,0,0,0,0,0,0,91.3,41.4,0,0,0
0,year_1621,0,0,0,0,0,0,100,99.8,60.6,34.1,3.3
74.9,year_1622,25.1,0,0,0,0,0,0,0,0,0,0
32.2,year_1623,65.7,45.8,20.3,0,0,0,2.1,0,0,0,0
19.7,year_1624,73.8,58.4,34.2,0,0,0,6.5,0,0,0,0
41.8,year_1625,32.9,2.2,0,0,0,0,25.3,9.4,0.1,0,0
0,year_1626,100.1,100.1,62.4,0.2,0,0,0,0,0,0,0
92,year_1627,0,0,0,0,0,0,8,0,0,0,0
100,year_1628,0,0,0,0,0,0,0,0,0,0,0
80.4,year_1629,19.6,0,0,0,0,0,0,0,0,0,0
53.6,year_1630,30.9,4.6,0,0,0,0,15.5,0,0,0,0
0,year_1631,100,74,33.1,0,0,0,0,0,0,0,0
0,year_1632,100,100,100,87.3,50.3,0,0,0,0,0,0
18.4,year_1633,0,0,0,0,0,0,81.5,26,6.6,0,0
77.8,year_1634,0,0,0,0,0,0,22.2,0,0,0,0
44.5,year_1635,0,0,0,0,0,0,55.5,9.1,0,0,0
98.5,year_1636,0,0,0,0,0,0,1.5,0,0,0,0
3.1,year_1637,96.9,79.2,41.6,26.2,7.9,0,0,0,0,0,0
0,year_1638,100,74.2,12.5,0,0,0,0,0,0,0,0
98.9,year_1639,1.1,0,0,0,0,0,0,0,0,0,0
0,year_1640,0,0,0,0,0,0,100,89.4,49.6,0,0
11.7,year_1641,0,0,0,0,0,0,88.2,8.5,0,0,0
0,year_1642,0,0,0,0,0,0,99.9,49.9,13.6,2.5,0
19.7,year_1643,0,0,0,0,0,0,80.3,5.8,0,0,0
11.7,year_1644,0,0,0,0,0,0,88.2,32.9,0,0,0
8.2,year_1645,91.7,63.4,22.8,0,0,0,0,0,0,0,0
53.9,year_1646,46.1,0,0,0,0,0,0,0,0,0,0
33.2,year_1647,0,0,0,0,0,0,66.8,29.8,0,0,0
46.8,year_1648,53.2,32.9,0,0,0,0,0,0,0,0,0
34.9,year_1649,0,0,0,0,0,0,65.2,1.3,0,0,0
78.7,year_1650,0,0,0,0,0,0,21.3,0,0,0,0
0,year_1651,0,0,0,0,0,0,99.9,87.1,64.1,15,0
94.4,year_1652,5.6,0,0,0,0,0,0,0,0,0,0
7.7,year_1653,92.3,44.9,14,0.1,0,0,0,0,0,0,0
1.1,year_1654,98.9,88.2,76,52.4,8.7,0,0,0,0,0,0
31,year_1655,40.8,27.4,10.6,2.5,0,0,28.2,0,0,0,0
39.9,year_1656,20.1,0,0,0,0,0,39.9,0,0,0,0
87.9,year_1657,12.1,0.1,0,0,0,0,0,0,0,0,0
65.7,year_1658,34.2,1.1,0,0,0,0,0,0,0,0,0
66.8,year_1659,33.2,0.1,0,0,0,0,0,0,0,0,0
48.6,year_1660,13.5,0.2,0,0,0,0,37.9,0,0,0,0
41.8,year_1661,0,0,0,0,0,0,58.2,4.6,0,0,0
92.1,year_1662,4.6,0,0,0,0,0,3.3,0,0,0,0
97.8,year_1663,2.2,0,0,0,0,0,0,0,0,0,0
45.2,year_1664,43.9,18.5,0,0,0,0,10.9,0,0,0,0
86.2,year_1665,13.8,0,0,0,0,0,0,0,0,0,0
47.9,year_1666,41.8,14.1,0,0,0,0,10.3,0,0,0,0
0,year_1667,100,52.1,0,0,0,0,0,0,0,0,0
0,year_1668,100,86.8,37.1,0,0,0,0,0,0,0,0
52.7,year_1669,47.3,0,0,0,0,0,0,0,0,0,0
13,year_1670,87.1,71.7,38.9,1.3,0,0,0,0,0,0,0
34.1,year_1671,65.9,0,0,0,0,0,0,0,0,0,0
64.2,year_1672,0,0,0,0,0,0,35.8,0,0,0,0
25.2,year_1673,0,0,0,0,0,0,74.8,20.5,0,0,0
0,year_1674,0,0,0,0,0,0,100.1,99,43.8,1.1,0
66.7,year_1675,15.4,0,0,0,0,0,17.9,0,0,0,0
28.1,year_1676,31.7,6.9,0,0,0,0,40.1,13.7,0,0,0
71.2,year_1677,4.5,0,0,0,0,0,24.2,0,0,0,0
24.8,year_1678,0,0,0,0,0,0,75.1,38.2,9.6,0,0
100,year_1679,0,0,0,0,0,0,0,0,0,0,0
0,year_1680,0,0,0,0,0,0,99.9,98.7,62,18.6,0
44.1,year_1681,0,0,0,0,0,0,56,31.4,0,0,0
75.8,year_1682,0,0,0,0,0,0,24.2,0,0,0,0
0,year_1683,0,0,0,0,0,0,100,100,76.1,9.4,0
36.6,year_1684,54.8,31.2,0,0,0,0,8.6,0,0,0,0
14.4,year_1685,85.3,69.9,58.6,42.8,29.6,0,0.2,0,0,0,0
0,year_1686,100.1,99,62.6,13.8,0,0,0,0,0,0,0
7.7,year_1687,0,0,0,0,0,0,92.3,14.8,0,0,0
0,year_1688,0,0,0,0,0,0,100,77.6,15.1,0,0
24.5,year_1689,0,0,0,0,0,0,75.5,40.9,23.2,2.2,0
77.1,year_1690,22.9,6,0,0,0,0,0,0,0,0,0
94.5,year_1691,0,0,0,0,0,0,5.5,0,0,0,0
0,year_1692,0,0,0,0,0,0,100,98.8,45.5,0,0
11.7,year_1693,0,0,0,0,0,0,88.3,62.7,3.3,0,0
77.4,year_1694,0,0,0,0,0,0,22.6,0,0,0,0
86.7,year_1695,10.7,0.1,0,0,0,0,2.6,0,0,0,0
43.1,year_1696,30.6,3.3,0,0,0,0,26.3,2.4,0,0,0
61.3,year_1697,0,0,0,0,0,0,38.7,14,0,0,0
86.6,year_1698,0,0,0,0,0,0,13.4,0,0,0,0
0,year_1699,0,0,0,0,0,0,100,72.8,12.6,3.5,0
43.6,year_1700,37.7,0,0,0,0,0,18.7,0.2,0,0,0
0,year_1701,0,0,0,0,0,0,100,75.3,28.6,0,0
10.1,year_1702,0,0,0,0,0,0,89.9,58.6,19.4,5.8,0
0,year_1703,100,80.6,17.7,0,0,0,0,0,0,0,0
1.1,year_1704,98.8,22.7,0,0,0,0,0,0,0,0,0
16.1,year_1705,0,0,0,0,0,0,83.9,24.7,0,0,0
54.7,year_1706,13,0,0,0,0,0,32.3,5.6,0,0,0
0,year_1707,99.9,90.4,32,1.3,0,0,0,0,0,0,0
0,year_1708,100,94.6,58.7,25,0,0,0,0,0,0,0
4.3,year_1709,95.8,21.5,0,0,0,0,0,0,0,0,0
31.3,year_1710,32.2,5.8,0,0,0,0,36.7,23.3,6.7,0,0
55.8,year_1711,0,0,0,0,0,0,44.2,0,0,0,0
43.4,year_1712,0,0,0,0,0,0,56.6,0,0,0,0
94,year_1713,0,0,0,0,0,0,6,0,0,0,0
57,year_1714,43,0,0,0,0,0,0,0,0,0,0
96.7,year_1715,3.3,0,0,0,0,0,0,0,0,0,0
59.4,year_1716,40.6,2.2,0,0,0,0,0,0,0,0,0
25.1,year_1717,74.9,34.8,10.7,0,0,0,0,0,0,0,0
33.1,year_1718,5.6,0.1,0,0,0,0,61.2,37.9,3.4,0,0
0,year_1719,0,0,0,0,0,0,100.1,92.4,34.3,0,0
0,year_1720,0,0,0,0,0,0,100,100,89.4,79.4,57.8
41.6,year_1721,33,13.1,5.5,0,0,0,25.3,3.3,0,0,0
0,year_1722,100,82.7,43.3,0,0,0,0,0,0,0,0
93.5,year_1723,0,0,0,0,0,0,6.5,0,0,0,0
62.7,year_1724,0,0,0,0,0,0,37.2,15,0,0,0
0,year_1725,0,0,0,0,0,0,100,89.4,21.9,4.7,0
0,year_1726,0,0,0,0,0,0,99.9,99.9,99.9,91.3,58.4
0,year_1727,0,0,0,0,0,0,100,81.2,41.4,24.8,9.4
41.9,year_1728,40,13.5,0,0,0,0,18,1.2,0,0,0
0,year_1729,100,100,100,96,78.5,0,0,0,0,0,0
34.8,year_1730,65.2,0,0,0,0,0,0,0,0,0,0
76.9,year_1731,0,0,0,0,0,0,23.1,0,0,0,0
68.8,year_1732,0,0,0,0,0,0,31.2,0,0,0,0
49.7,year_1733,40.9,1.3,0,0,0,0,9.5,0,0,0,0
2.3,year_1734,0,0,0,0,0,0,97.7,51.6,8.4,0,0
0,year_1735,100,100,100,93.3,12.6,0,0,0,0,0,0
9.8,year_1736,90.2,43.4,0,0,0,0,0,0,0,0,0
26.5,year_1737,73.5,16.4,0,0,0,0,0,0,0,0,0
24.6,year_1738,0,0,0,0,0,0,75.3,1.1,0,0,0
98.6,year_1739,1.4,0,0,0,0,0,0,0,0,0,0
45.6,year_1740,54.2,1.1,0,0,0,0,0.2,0,0,0,0
96.1,year_1741,0,0,0,0,0,0,3.9,0,0,0,0
6.4,year_1742,93.7,7.8,0,0,0,0,0,0,0,0,0
47.9,year_1743,5.3,0,0,0,0,0,46.9,27.8,4.5,0,0
54.9,year_1744,45.2,24.4,12.3,1.1,0,0,0,0,0,0,0
57.2,year_1745,0,0,0,0,0,0,42.8,1.3,0,0,0
0,year_1746,0,0,0,0,0,0,100,100,80.8,50.6,9.1
0,year_1747,0,0,0,0,0,0,100,92.7,79.5,64.1,27.3
7.4,year_1748,92.6,75.1,45.9,23.3,0,0,0,0,0,0,0
0,year_1749,0,0,0,0,0,0,100,39.8,0,0,0
62.8,year_1750,14.1,0,0,0,0,0,23.1,1.2,0,0,0
64.9,year_1751,35.1,0,0,0,0,0,0,0,0,0,0
7.4,year_1752,92.7,75.2,33.2,0,0,0,0,0,0,0,0
36.6,year_1753,63.4,14.2,0,0,0,0,0,0,0,0,0
99.8,year_1754,0,0,0,0,0,0,0.2,0,0,0,0
29.6,year_1755,70.4,1.1,0,0,0,0,0,0,0,0,0
2.5,year_1756,97.5,61.4,17.6,0,0,0,0,0,0,0,0
0,year_1757,100,54.1,6,0,0,0,0,0,0,0,0
76.7,year_1758,0,0,0,0,0,0,23.3,0,0,0,0
82,year_1759,2.1,0,0,0,0,0,15.8,0,0,0,0
31.9,year_1760,0,0,0,0,0,0,68.1,12.1,0,0,0
28.3,year_1761,0,0,0,0,0,0,71.8,50.7,26.6,4.9,1.3
29.9,year_1762,0,0,0,0,0,0,70,3.3,0,0,0
7.5,year_1763,92.6,61.7,0,0,0,0,0,0,0,0,0
50.3,year_1764,0,0,0,0,0,0,49.7,6.8,0,0,0
1.1,year_1765,98.9,40.4,7.1,0,0,0,0,0,0,0,0
0,year_1766,0,0,0,0,0,0,100,53.6,0,0,0
39.2,year_1767,0,0,0,0,0,0,60.8,11.1,0,0,0
31.7,year_1768,0,0,0,0,0,0,68.2,26,0,0,0
16.3,year_1769,0,0,0,0,0,0,83.7,10,0,0,0
99,year_1770,0,0,0,0,0,0,1,0,0,0,0
0,year_1771,0,0,0,0,0,0,100,81.4,34.4,6.7,0
66.5,year_1772,33.5,0,0,0,0,0,0,0,0,0,0
9.8,year_1773,90.2,76.9,56.9,31,2.3,0,0,0,0,0,0
0,year_1774,100,63.7,0,0,0,0,0,0,0,0,0
58.3,year_1775,0,0,0,0,0,0,41.7,11.8,0,0,0
76,year_1776,0,0,0,0,0,0,24,0,0,0,0
2,year_1777,98,56.5,15.4,0.3,0,0,0,0,0,0,0
3.1,year_1778,96.9,81.9,14.1,0,0,0,0,0,0,0,0
73.6,year_1779,26.4,0,0,0,0,0,0,0,0,0,0
20.8,year_1780,79.1,63.5,33.1,0,0,0,0,0,0,0,0
12.9,year_1781,87.2,13.1,0,0,0,0,0,0,0,0,0
0,year_1782,100.1,100.1,69.4,34.1,3.7,0,0,0,0,0,0
47.6,year_1783,39.3,17.9,0.1,0,0,0,13.2,0,0,0,0
22.9,year_1784,0,0,0,0,0,0,77.1,56.9,41.1,21,2.2
100,year_1785,0,0,0,0,0,0,0,0,0,0,0
16.5,year_1786,83.5,4.5,0,0,0,0,0,0,0,0,0
9,year_1787,0,0,0,0,0,0,90.9,62.3,15.8,0,0
10.6,year_1788,89.4,22.3,0,0,0,0,0,0,0,0,0
22.1,year_1789,71,46.2,7.4,0,0,0,6.8,0.2,0,0,0
32.7,year_1790,0,0,0,0,0,0,67.2,30.1,0,0,0
0,year_1791,0,0,0,0,0,0,100,100,72.5,5.6,0
0,year_1792,0,0,0,0,0,0,100,100,83.6,8.8,0
20.7,year_1793,0,0,0,0,0,0,79.2,57,37,16.8,3.3
84.8,year_1794,15.2,0.2,0,0,0,0,0,0,0,0,0
32.1,year_1795,67.9,35.8,10.3,0,0,0,0,0,0,0,0
99,year_1796,0,0,0,0,0,0,1,0,0,0,0
19.1,year_1797,0,0,0,0,0,0,81,13.3,0,0,0
0,year_1798,100,63,9.2,0,0,0,0,0,0,0,0
0,year_1799,0,0,0,0,0,0,100,16.2,0,0,0
97.6,year_1800,2.4,0,0,0,0,0,0,0,0,0,0
30.6,year_1801,69.4,7.9,0,0,0,0,0,0,0,0,0
17.3,year_1802,0,0,0,0,0,0,82.7,4.9,0,0,0
72.9,year_1803,0,0,0,0,0,0,27.2,12.6,1.5,0,0
73,year_1804,27,0,0,0,0,0,0,0,0,0,0
40.1,year_1805,50.7,31.5,0,0,0,0,9.3,1.6,0,0,0
0,year_1806,100,69.3,0,0,0,0,0,0,0,0,0
46.8,year_1807,0,0,0,0,0,0,53.2,0,0,0,0
35.4,year_1808,64.6,19.8,0,0,0,0,0,0,0,0,0
55.6,year_1809,44.4,0,0,0,0,0,0,0,0,0,0
65.6,year_1810,0,0,0,0,0,0,34.4,4.7,0,0,0
0,year_1811,0,0,0,0,0,0,100,84.6,38.1,14.9,2.3
50.3,year_1812,0,0,0,0,0,0,49.7,0,0,0,0
4.2,year_1813,95.8,80.8,42.4,11.9,0,0,0,0,0,0,0
60.2,year_1814,39.8,0,0,0,0,0,0,0,0,0,0
39.2,year_1815,0,0,0,0,0,0,60.8,2.2,0,0,0
2,year_1816,0,0,0,0,0,0,97.9,85.8,55.6,33.2,8.9
21.8,year_1817,0,0,0,0,0,0,78.2,42.9,0,0,0
23,year_1818,77,53.3,26.4,0,0,0,0,0,0,0,0
46.4,year_1819,29.8,15.4,1.1,0,0,0,23.8,1.1,0,0,0
32.1,year_1820,54.5,41.1,11.3,0,0,0,13.5,0,0,0,0
0,year_1821,0,0,0,0,0,0,100,29.7,4.6,0,0
0,year_1822,100,90.4,3.6,0,0,0,0,0,0,0,0
3.2,year_1823,96.8,26.4,0,0,0,0,0,0,0,0,0
0,year_1824,100,88.5,58.3,24.2,0,0,0,0,0,0,0
96.1,year_1825,0,0,0,0,0,0,3.9,0,0,0,0
11.1,year_1826,0,0,0,0,0,0,88.9,6.8,0,0,0
100,year_1827,0,0,0,0,0,0,0,0,0,0,0
0,year_1828,0,0,0,0,0,0,99.9,99.8,74.5,32.8,4.4
71.6,year_1829,28.4,0,0,0,0,0,0,0,0,0,0
61.2,year_1830,0,0,0,0,0,0,38.8,1.1,0,0,0
63.7,year_1831,10.8,0,0,0,0,0,25.5,0,0,0,0
0,year_1832,0,0,0,0,0,0,100,65.8,3.3,0,0
0,year_1833,0,0,0,0,0,0,100,70.3,1.2,0,0
54.4,year_1834,45.6,4.6,0,0,0,0,0,0,0,0,0
58.2,year_1835,0,0,0,0,0,0,41.8,15.4,0,0,0
92.2,year_1836,7.8,0,0,0,0,0,0,0,0,0,0
0,year_1837,0,0,0,0,0,0,100,78.2,8.4,0,0
0,year_1838,0,0,0,0,0,0,100,100,89.3,44.6,6.8
0,year_1839,0,0,0,0,0,0,99.9,99.9,97.7,72.7,16
0,year_1840,0,0,0,0,0,0,100.1,83.9,53.7,6.7,0
85.6,year_1841,6.1,0,0,0,0,0,8.3,0,0,0,0
0,year_1842,99.9,70.6,6.4,0,0,0,0,0,0,0,0
66.3,year_1843,18.6,4.9,0.2,0,0,0,15.1,2.1,0,0,0
41.9,year_1844,0,0,0,0,0,0,58.1,28.8,0,0,0
0,year_1845,100,95.3,55.4,2.2,0,0,0,0,0,0,0
8.1,year_1846,91.9,60.6,36.4,6.4,0,0,0,0,0,0,0
0,year_1847,100,88,69,34.1,0,0,0,0,0,0,0
75.4,year_1848,24.6,0,0,0,0,0,0,0,0,0,0
0,year_1849,0,0,0,0,0,0,100,91.3,72.4,44.6,12.4
18.6,year_1850,0,0,0,0,0,0,81.4,53.6,19.1,0,0
30.1,year_1851,69.9,42.8,20.7,0,0,0,0,0,0,0,0
68.2,year_1852,1.3,0,0,0,0,0,30.5,0,0,0,0
0,year_1853,0,0,0,0,0,0,100,100,35.5,0,0
16.7,year_1854,0,0,0,0,0,0,83.3,52.4,25.8,5.9,0
80.8,year_1855,19.1,0,0,0,0,0,0,0,0,0,0
34.4,year_1856,65.6,30.6,0.2,0,0,0,0,0,0,0,0
0,year_1857,100,38.8,6.2,0,0,0,0,0,0,0,0
72.9,year_1858,0,0,0,0,0,0,27.1,0,0,0,0
63.2,year_1859,36.8,0,0,0,0,0,0,0,0,0,0
100,year_1860,0,0,0,0,0,0,0,0,0,0,0
6.9,year_1861,93.1,70,45.1,14.2,0,0,0,0,0,0,0
0,year_1862,0,0,0,0,0,0,100,61.4,0,0,0
43.2,year_1863,56.7,36.6,14.5,1.4,0,0,0,0,0,0,0
0,year_1864,99.9,84.6,16.2,0,0,0,0,0,0,0,0
71.8,year_1865,28.2,0,0,0,0,0,0,0,0,0,0
0,year_1866,0,0,0,0,0,0,99.9,99.9,88,16.8,0
0,year_1867,0,0,0,0,0,0,99.9,91.2,54,8.7,0
0,year_1868,0,0,0,0,0,0,100,100,87.3,55.8,10.6
0,year_1869,0,0,0,0,0,0,100.1,77,29.7,0,0
71.5,year_1870,28.5,0,0,0,0,0,0,0,0,0,0
0,year_1871,100,100,92.1,2.2,0,0,0,0,0,0,0
53.6,year_1872,46.4,0,0,0,0,0,0,0,0,0,0
53.2,year_1873,46.8,3.3,0,0,0,0,0,0,0,0,0
85.4,year_1874,8.4,0,0,0,0,0,6.2,0,0,0,0
100,year_1875,0,0,0,0,0,0,0,0,0,0,0
40.1,year_1876,59.9,0,0,0,0,0,0,0,0,0,0
78.5,year_1877,21.5,0,0,0,0,0,0,0,0,0,0
99.9,year_1878,0,0,0,0,0,0,0.1,0,0,0,0
0,year_1879,99.9,99.9,72.8,29.5,2.3,0,0,0,0,0,0
0,year_1880,100,38.2,0,0,0,0,0,0,0,0,0
19.2,year_1881,80.8,34,0,0,0,0,0,0,0,0,0
11.5,year_1882,88.5,37.5,0,0,0,0,0,0,0,0,0
0,year_1883,100,66.1,0,0,0,0,0,0,0,0,0
0,year_1884,0,0,0,0,0,0,100,21.8,0,0,0
0,year_1885,0,0,0,0,0,0,100,100,67.1,15.9,2.5
100,year_1886,0,0,0,0,0,0,0,0,0,0,0
3.1,year_1887,96.9,8.2,0,0,0,0,0,0,0,0,0
71,year_1888,27.9,0,0,0,0,0,1.1,0,0,0,0
52.3,year_1889,47.7,30.9,6.9,0,0,0,0,0,0,0,0
56.6,year_1890,0,0,0,0,0,0,43.4,5.9,0,0,0
10.6,year_1891,0,0,0,0,0,0,89.3,39.2,0,0,0
79.8,year_1892,0,0,0,0,0,0,20.2,0,0,0,0
0,year_1893,100,68.6,0,0,0,0,0,0,0,0,0
19.9,year_1894,80.1,47.7,0,0,0,0,0,0,0,0,0
79.1,year_1895,0,0,0,0,0,0,20.9,0,0,0,0
0,year_1896,100.1,74.6,26.3,0,0,0,0,0,0,0,0
68.1,year_1897,0,0,0,0,0,0,31.9,0,0,0,0
16.1,year_1898,0,0,0,0,0,0,83.9,32.1,0,0,0
3.1,year_1899,96.8,77.2,49.4,5.6,0,0,0,0,0,0,0
6.9,year_1900,93.1,60.3,0,0,0,0,0,0,0,0,0
49.9,year_1901,50.1,0,0,0,0,0,0,0,0,0,0
0,year_1902,100,95.1,58.6,29.4,0,0,0,0,0,0,0
82.3,year_1903,0,0,0,0,0,0,17.7,0,0,0,0
40.6,year_1904,59.4,33.4,5.6,0,0,0,0,0,0,0,0
38.6,year_1905,0,0,0,0,0,0,61.5,1.4,0,0,0
0,year_1906,0,0,0,0,0,0,100,98.9,24.1,2.3,0
0,year_1907,0,0,0,0,0,0,100,100,100,86,36.3
0,year_1908,0,0,0,0,0,0,100,74.1,23.7,4.4,0
8.2,year_1909,0,0,0,0,0,0,91.7,3.3,0,0,0
19.4,year_1910,0,0,0,0,0,0,80.6,0,0,0,0
5.2,year_1911,0,0,0,0,0,0,94.8,70.3,20.2,0,0
3.8,year_1912,0,0,0,0,0,0,96.2,57.4,22,0,0
31.3,year_1913,0,0,0,0,0,0,68.7,43.2,24.5,8.2,1.2
0,year_1914,0,0,0,0,0,0,100.1,100.1,100.1,81.4,31.7
4.4,year_1915,0,0,0,0,0,0,95.6,73.3,28.7,2.2,0
5,year_1916,0,0,0,0,0,0,95.1,48.5,11.3,0,0
5.4,year_1917,0,0,0,0,0,0,94.6,74.8,8,0,0
97.9,year_1918,0,0,0,0,0,0,2.1,0,0,0,0
54,year_1919,20.6,2,0,0,0,0,25.5,4.5,0,0,0
17.3,year_1920,0,0,0,0,0,0,82.7,61.6,25.5,3.3,0
0,year_1921,0,0,0,0,0,0,100,79.8,23.7,0,0
53.4,year_1922,0,0,0,0,0,0,46.7,11.5,0,0,0
67.1,year_1923,0,0,0,0,0,0,32.9,5.7,0,0,0
70.6,year_1924,29.4,6.9,0.1,0,0,0,0,0,0,0,0
41.6,year_1925,29.6,0,0,0,0,0,28.8,9.1,0.3,0,0
54.9,year_1926,0,0,0,0,0,0,45.1,0,0,0,0
60.1,year_1927,3.8,0,0,0,0,0,36.1,0,0,0,0
60,year_1928,0,0,0,0,0,0,40,7.4,0,0,0
94.9,year_1929,5.1,0,0,0,0,0,0,0,0,0,0
73.8,year_1930,0,0,0,0,0,0,26.2,0,0,0,0
9.8,year_1931,90.1,42.6,6.1,0,0,0,0,0,0,0,0
31.4,year_1932,0,0,0,0,0,0,68.6,18,0,0,0
58.4,year_1933,41.7,16.3,0.1,0,0,0,0,0,0,0,0
0,year_1934,100.1,100.1,88,56.9,43.3,0,0,0,0,0,0
56.7,year_1935,43.2,6.6,0,0,0,0,0,0,0,0,0
0,year_1936,100,47.5,0,0,0,0,0,0,0,0,0
17.4,year_1937,0,0,0,0,0,0,82.5,7,0,0,0
14,year_1938,0,0,0,0,0,0,86,57.1,0,0,0
40.8,year_1939,59.2,0,0,0,0,0,0,0,0,0,0
20.2,year_1940,79.8,0,0,0,0,0,0,0,0,0,0
0,year_1941,0,0,0,0,0,0,100,94.8,77.3,27.6,3.3
0,year_1942,0,0,0,0,0,0,100,82.9,49.9,0,0
100,year_1943,0,0,0,0,0,0,0,0,0,0,0
66.1,year_1944,0,0,0,0,0,0,33.9,0,0,0,0
47.8,year_1945,0,0,0,0,0,0,52.3,20.4,1.1,0,0
46.8,year_1946,52.9,36.3,3.3,0,0,0,0.2,0,0,0,0
40.6,year_1947,0,0,0,0,0,0,59.5,29.2,1.1,0,0
73.5,year_1948,0.2,0,0,0,0,0,26.3,0,0,0,0
10.3,year_1949,0,0,0,0,0,0,89.8,66.9,36.4,2.3,0
75.7,year_1950,24.3,0,0,0,0,0,0,0,0,0,0
35.2,year_1951,64.8,48.1,30.1,3.3,0,0,0,0,0,0,0
0,year_1952,0,0,0,0,0,0,100,46.6,1.3,0,0
7.4,year_1953,92.7,26.3,0,0,0,0,0,0,0,0,0
0,year_1954,100,57.4,2.1,0,0,0,0,0,0,0,0
13,year_1955,86.9,3.5,0,0,0,0,0,0,0,0,0
5.9,year_1956,94.1,66.8,35.1,0,0,0,0,0,0,0,0
66.2,year_1957,0,0,0,0,0,0,33.8,0,0,0,0
46.3,year_1958,0,0,0,0,0,0,53.7,0,0,0,0
0,year_1959,100,100,87.1,7.1,0,0,0,0,0,0,0
39.8,year_1960,60.2,33.7,4.7,0,0,0,0,0,0,0,0
0,year_1961,100,55.7,3.4,0,0,0,0,0,0,0,0
45.8,year_1962,0,0,0,0,0,0,54.2,1.1,0,0,0
30.2,year_1963,47.7,23,0,0,0,0,22,6.9,0.1,0,0
51,year_1964,46.4,15.2,0,0,0,0,2.6,0,0,0,0
0,year_1965,0,0,0,0,0,0,100,64.8,12.3,0,0
64.2,year_1966,14.4,0,0,0,0,0,21.4,0,0,0,0
47.5,year_1967,5.6,0,0,0,0,0,46.9,6.7,0,0,0
87.1,year_1968,0,0,0,0,0,0,12.9,0,0,0,0
0,year_1969,0,0,0,0,0,0,100,82.6,22.8,0,0
95.6,year_1970,0,0,0,0,0,0,4.4,0,0,0,0
45,year_1971,35.8,10.2,0,0,0,0,19.2,5.9,0,0,0
62.1,year_1972,37.9,0,0,0,0,0,0,0,0,0,0
0,year_1973,0,0,0,0,0,0,100,96.9,44.1,0,0
24.6,year_1974,75.4,15.4,0,0,0,0,0,0,0,0,0
0,year_1975,0,0,0,0,0,0,100,92,1.1,0,0
79.3,year_1976,0,0,0,0,0,0,20.7,0,0,0,0
3.6,year_1977,96.4,84.3,65.3,39.4,0,0,0,0,0,0,0
94.7,year_1978,0,0,0,0,0,0,5.3,0,0,0,0
32,year_1979,5.4,0,0,0,0,0,62.5,39,12.2,1,0
6.4,year_1980,0,0,0,0,0,0,93.5,60.5,19.1,1.2,0
58.8,year_1981,41.2,14.4,2.2,0,0,0,0,0,0,0,0
54.3,year_1982,7.6,1.1,0,0,0,0,38.1,4.3,0,0,0
1.1,year_1983,0,0,0,0,0,0,98.9,88.7,62.8,20.8,1.1
16,year_1984,3.4,0,0,0,0,0,80.7,68.2,48.6,27.6,6.6
30.6,year_1985,8,1.3,0,0,0,0,61.4,25.5,6.7,0,0
29.2,year_1986,26.5,6.8,0,0,0,0,44.3,23.8,6.5,0,0
67.9,year_1987,15.9,3.3,0,0,0,0,16.1,5.1,0,0,0
37,year_1988,40.5,19.5,0,0,0,0,22.4,1,0,0,0
0,year_1989,100,96.4,27.7,0,0,0,0,0,0,0,0
2.5,year_1990,97.4,89.4,69.4,19.7,0,0,0,0,0,0,0
25.7,year_1991,74.2,43.2,3.3,0,0,0,0,0,0,0,0
31.3,year_1992,56.3,41,23.2,8.8,0,0,12.4,2.3,0,0,0
36.9,year_1993,1.2,0,0,0,0,0,61.9,17.3,2.2,0,0
14.2,year_1994,85.7,40.5,9.1,0,0,0,0,0,0,0,0
7.9,year_1995,0,0,0,0,0,0,92.2,72.4,23.5,5.4,2.2
33.8,year_1996,62.8,47.3,31.7,15.9,1.1,0,3.3,0.1,0,0,0
32.8,year_1997,6,0.3,0,0,0,0,61.2,16.3,0,0,0
10.8,year_1998,12.5,3.4,0,0,0,0,76.5,61,24.4,4.2,0
31,year_1999,1.1,0,0,0,0,0,67.8,20.5,2.1,0,0
3.3,year_2000,96.6,69,23.7,6.8,0,0,0,0,0,0,0
37.1,year_2001,57.2,31.6,12.1,4.4,0,0,5.7,0,0,0,0
0.1,year_2002,100,98.9,91.4,68.1,32.5,0,0,0,0,0,0
1.1,year_2003,98.9,93.4,66.6,18.1,0,0,0,0,0,0,0
12.2,year_2004,87.7,64.3,19.7,3.2,0,0,0,0,0,0,0
6.6,year_2005,0,0,0,0,0,0,93.4,73.8,35.5,11.7,3.4
39.1,year_2006,55.4,26.1,2.1,0,0,0,5.5,2.2,0,0,0
18.9,year_2007,80,53.7,19.7,6.9,0,0,1.1,0,0,0,0
56.3,year_2008,42.6,20.3,7,0,0,0,1.1,0,0,0,0
49.5,year_2009,46.1,23.7,0,0,0,0,4.4,0,0,0,0
68.5,year_2010,8.8,0,0,0,0,0,22.7,5.7,0,0,0
14.5,year_2011,5.6,0,0,0,0,0,79.9,72.3,45.4,13.4,5.5
5.9,year_2012,94.1,76.1,45,9.8,2.1,0,0,0,0,0,0
9,year_2013,91.1,69.4,28.1,1.1,0,0,0,0,0,0,0
12.1,year_2014,87.9,45.6,6.7,0,0,0,0,0,0,0,0
42.9,year_2015,33.8,13.5,4.4,0,0,0,23.3,4.4,1.1,0,0
33.4,year_2016,63.4,25.4,6.6,0,0,0,3.1,0,0,0,0
59.3,year_2017,35.4,8.9,2.2,0,0,0,5.3,1,0,0,0